Ticker,TD.TO,TD.TO,TD.TO,TD.TO,TD.TO,RY.TO,RY.TO,RY.TO,RY.TO,RY.TO,BMO.TO,BMO.TO,BMO.TO,BMO.TO,BMO.TO,CM.TO,CM.TO,CM.TO,CM.TO,CM.TO,BNS.TO,BNS.TO,BNS.TO,BNS.TO,BNS.TO
Price,Open,High,Low,Close,Volume,Open,High,Low,Close,Volume,Open,High,Low,Close,Volume,Open,High,Low,Close,Volume,Open,High,Low,Close,Volume
Date,,,,,,,,,,,,,,,,,,,,,,,,,
2025-01-02,71.82474459098725,71.83407810883479,71.23685399619133,71.38616180419922,18507000,164.74915138252402,165.25160764755037,163.1374983928639,163.317626953125,4303700,131.43356881360535,132.01355579509263,130.56358834137444,130.76937866210938,2036100,86.21123838019227,86.51439848977556,85.59544237475232,85.66175842285156,4485100,71.0358580016519,71.36561881701091,70.55037175398998,70.76105499267578,9369600
2025-01-03,71.63810341905766,72.62724976010678,71.46080931215204,72.5805892944336,17948300,163.8769837289508,164.91033621939627,162.88154619325312,164.87242126464844,2992000,131.0874562290779,131.62066687151255,129.60004762049488,129.81521606445312,1156500,85.96491447501533,86.44807836145215,85.3585942844662,85.86070251464844,2589600,70.54121506617203,71.50301159717846,70.54121506617203,70.65113067626953,10726900
2025-01-06,73.08449242227654,73.26179364856966,72.49660899948685,72.5805892944336,22054800,165.1188730464051,166.2375592862308,164.15187552822232,165.19471740722656,3381100,130.563597827102,130.88165430624167,128.94522391578803,129.04812622070312,1750400,85.97439153325054,86.36281925089526,85.51017921159568,85.80386352539062,5476800,71.03586429170414,71.19158274926471,70.42213844911767,70.46794128417969,7128800
2025-01-07,72.61790366943418,73.44840855502652,72.55258330043432,73.2337875366211,22302900,166.09539427224198,167.24252067471107,165.11892134799996,165.22320556640625,3295900,129.5158605116603,130.33907894549336,129.1790906318326,130.1426239013672,1758100,86.27755918077122,86.47650733602774,84.93228657213709,85.04596710205078,4265700,70.60725718598039,70.67227279599942,69.33480780615503,69.39053344726562,7238500
2025-01-08,73.40176526308674,73.48574555498656,72.52459979984553,72.71122741699219,23749600,165.04306404797256,166.1333106943173,164.24671978747028,165.91525268554688,5609800,130.59165312092915,133.28579774505945,130.54487675341738,132.4158172607422,2985900,85.60490313773016,86.32491098209735,85.09331918735657,86.03121948242188,6830500,69.21405691257824,69.34409521398365,68.69393205163571,69.03759002685547,10396800
2025-01-09,72.272642843785,72.96318067228388,72.26331644673637,72.76721954345703,5652300,165.7920173181668,166.21862927924315,165.33695105823875,165.4033203125,1283400,132.30355614394722,132.83678106035597,131.93872330214157,132.49066162109375,571000,86.16386826432657,86.7322998046875,86.06913208356883,86.7322998046875,1804300,68.95399024926783,69.48340504627681,68.95399024926783,69.30693817138672,5378300
2025-01-10,72.76721517320186,74.0630852401841,72.19968341840183,73.96849060058594,20880100,165.04307438810847,165.35592703844262,161.54483003036094,162.03781127929688,3929500,132.07906029525392,132.24743810576555,131.2558418239224,131.5738983154297,3610000,86.02175876755945,86.02175876755945,84.73332660351305,84.87542724609375,4731700,69.19548779477032,69.21406064673323,68.48959895528662,68.82396697998047,8916900
2025-01-13,73.60905682923193,74.49819449821719,73.58068132346567,73.94957733154297,14112700,161.3551863279696,162.50231242829207,160.89065949492561,161.93348693847656,3649400,130.46067810058594,131.33065851984642,130.15197122706513,130.46067810058594,3621000,84.32596516522939,84.49649318567312,83.71964492096444,84.36386108398438,3845900,68.47101653698903,68.54532210679952,67.33788139897099,67.61652374267578,4293700
2025-01-14,74.48874171503779,74.82926225448837,74.2049721933094,74.3184814453125,8787200,162.3980522525451,162.45493191677133,160.28394275907115,161.52586364746094,4242700,130.88166057523438,131.63938927765557,130.17069397116921,131.34939575195312,1588600,84.46806539143462,84.6291176106036,83.46384170528974,83.97542572021484,3317900,67.61651118161132,68.40598822722215,67.58864128348289,68.36883544921875,3388400
2025-01-15,74.78196043547496,75.29274121396104,74.63062199178924,75.0184326171875,13619700,162.44545380791206,162.9005055791903,161.80078387158582,162.65402221679688,3359900,132.83676038633834,133.8283564546554,132.63095581282255,132.93031311035156,2212100,84.29753703347887,84.9038572202053,84.18384928800265,84.75227355957031,4114300,69.29765327228942,69.46483727758277,68.56390164273363,68.89826965332031,3155500
2025-01-16,75.18868391389432,75.69000372471628,74.97113357392428,75.29273223876953,9507200,163.24180327357936,163.9623031400924,162.39805448898872,163.87698364257812,5604200,132.93969971301678,133.75355439695147,132.19132053482096,133.62258911132812,2518500,84.79016849718073,85.6428085086555,84.75227258245889,85.55754089355469,3762000,68.91683590444663,69.13046264648438,68.56389507648117,69.13046264648438,3528800
2025-01-17,75.95485471089069,79.19925277984237,75.86026008107683,78.6317138671875,12473500,164.72074918658606,165.31801466162537,164.22776792995302,165.22320556640625,4688000,134.03418269175918,134.50191783914084,133.40741930716501,134.0716094970703,1560100,85.78491005845069,86.1164902529418,85.24490596230626,85.88912200927734,2642500,69.3905251278156,69.42767791282496,68.23881713720179,68.33169555664062,4470500
2025-01-20,78.50875712939865,78.50875712939865,77.26964532014874,77.90338897705078,2363200,165.29902218809633,165.63083949979898,164.52162824220306,164.75863647460938,3348300,134.22127049137868,135.10996439403345,134.20257136334132,134.54869079589844,710500,85.87965408630068,86.14491826617758,85.70912608096455,85.86070251464844,843000,68.36885172738582,68.80538811515245,68.27597330334748,68.6010513305664,1955900
2025-01-21,77.98851456342169,78.30065954292145,77.37369272790448,77.66691589355469,10200100,164.49320038478885,166.52199042322607,164.49320038478885,166.37979125976562,8277200,134.5767660216445,134.9415988896177,134.14644337714398,134.5112762451172,3166300,85.95544728366376,86.32492342978169,85.8891312376402,86.18281555175781,5015300,68.76823211152423,69.15832572593948,68.49887973409393,69.04686737060547,3026500
2025-01-22,77.56286663919116,77.84663611107946,77.17504884204763,77.4304428100586,8752000,166.53145023829242,166.7589688591526,165.0240815117619,165.06199645996094,7485300,134.61417835352572,134.9509482522382,134.0622542699579,134.7357940673828,2542200,86.23017680558743,86.8838686833412,86.11649628973923,86.72281646728516,3236900,69.1025972246009,69.1861856730068,68.53602967595344,68.77751922607422,2189800
2025-01-23,77.67638531687743,77.84664557740295,77.39261581048211,77.78043365478516,4144900,165.55501420643876,166.54096220189268,165.41280057110697,166.4556427001953,8055300,134.73579204961163,134.94159666652854,134.1745041354483,134.69837951660156,3249200,86.67544547894772,88.08704120418072,86.5428133907644,86.68492126464844,4347000,68.72179198055446,69.1304655462022,68.69392916220019,69.05615997314453,2440700
2025-01-24,77.59124844913764,77.92230804887524,77.55341203537363,77.70475769042969,5896600,166.31341666945238,167.08133552500382,165.98161381007998,166.81588745117188,6103600,134.60481499687538,135.78350238452666,134.52062609935956,135.51222229003906,7291600,86.55228708609958,86.66597482804244,86.23017543121478,86.40070343017578,2297700,69.03758369158082,69.18618774414062,68.80538410194373,69.18618774414062,3910200
2025-01-27,77.57232899435539,78.31958188215961,77.52503167597176,78.15877532958984,4889900,165.9649755128278,168.60375057377948,165.9649755128278,168.45077514648438,10690700,134.7077193048226,136.64414962141834,134.69836974078478,135.5496368408203,6116500,85.87965365579929,86.83650563805024,85.87965365579929,86.64702606201172,1894700,68.80538954604042,69.60415676448649,68.80538954604042,69.5762939453125,2961800
2025-01-28,77.99797372482051,78.37633061121133,77.82771348677251,78.07364654541016,4927900,168.26912011700216,169.7701641569086,167.77195726822896,169.25387573242188,8045800,135.54962683423628,135.6805920918154,134.25868765928277,135.2689971923828,4374400,86.68493270159648,88.39968151642438,86.66598835560228,88.01126098632812,2738500,69.61343304260345,69.94780101330944,69.40910335932223,69.75275421142578,3791000
2025-01-29,78.02636179328742,78.48039157338204,77.94123526883385,78.36688232421875,2306000,169.32079722939955,169.81794545814657,167.8388788590623,168.29779052734375,8978900,134.8761106949496,136.25125327670236,134.8761106949496,136.2231903076172,4540000,87.90703732976552,88.27651346476007,87.34808162047457,87.82176971435547,1984400,69.65988240283446,69.91065486157001,69.48340843317298,69.5762939453125,2270900
2025-01-30,78.5087634685679,79.07629525514953,78.26283038164453,78.55606079101562,7603000,168.90967418777552,171.42415470213717,168.85231205397147,170.8218231201172,4498600,136.35559272886036,136.94198242690302,135.95835960131004,136.41233825683594,4319500,88.10599144434427,88.37125563846423,87.44283095904434,87.53756713867188,4050200,69.72489929199219,70.07784015163666,69.49269967971219,69.72489929199219,3902400
2025-01-31,78.37633244262912,78.80197943941653,78.27228411602641,78.42362976074219,4653600,171.0990885008765,171.42415030979637,169.0913263379465,169.3972625732422,4915100,136.04348936937987,137.25410884071965,135.8165072383302,136.08132934570312,6739200,87.53756818298912,87.76493646238913,86.44808403450703,86.7322998046875,3149000,69.60415737164537,69.8456398640395,68.49888496030478,69.0654525756836,3915100
2025-02-03,74.72520946155895,78.83982398226983,74.70629486229736,78.03582000732422,12186800,162.30317858017472,167.31301349321637,162.30317858017472,165.48690795898438,6847900,127.68264479795582,134.81395060930595,127.68264479795582,134.39781188964844,7732600,76.99326209239975,83.39752735287308,76.98379353430833,82.74383544921875,9059000,63.15829029999812,67.105683443748,63.15829029999812,66.9384994506836,9981600
2025-02-04,77.572334748022,78.18716384982406,77.4020744923931,77.56287384033203,6585600,165.9076218580274,166.9115030917406,162.38927438157558,162.45619201660156,4465600,134.3978062073788,135.16389973470092,131.9103546142578,131.9103546142578,3855000,83.37857226953703,84.16488893635517,82.89540843655031,83.66278076171875,5105800,67.59794175350397,67.69082016986086,66.64128060130709,66.75273895263672,4203500
2025-02-05,78.03581145034373,78.12093796252378,77.57232804539596,77.7993392944336,6001200,162.58047993729699,163.20192255858632,161.1559236077444,162.92466735839844,2467300,132.3832460709162,133.4047088623047,132.17516951535254,133.4047088623047,2560900,83.75752486337792,83.82384090157282,82.82909310074315,83.62488555908203,2407800,66.87347727274886,67.17069244384766,66.64127769888513,67.17069244384766,5425700
2025-02-06,78.23445801695398,78.3763427734375,77.91285930437927,78.3763427734375,3377000,163.31666129878394,164.05282819702646,162.74301073454367,163.3740234375,2545300,134.5302189778275,134.98419766062048,134.1802641480902,134.93690490722656,2631600,83.9943794332507,84.25016783328114,83.71016367507735,83.86174011230469,2702400,67.35646103816578,67.70011901855469,67.34717815563057,67.70011901855469,3955000
2025-02-07,78.13986567495805,78.3574160335458,77.95069082257234,78.32904052734375,4714100,163.31665159805485,163.49829349701986,162.1502395516451,162.95333862304688,2922100,134.75721839411622,134.75721839411622,133.59389155631385,134.55860900878906,1667800,83.66278307700237,84.46805856356742,83.29330696740706,84.31647491455078,1706500,67.57008071516063,67.63509631693807,67.15212428747265,67.58865356445312,3326900
2025-02-10,79.341141282484,81.36534251612923,79.19926375122321,81.34642791748047,14779500,163.2879440857543,163.8424690010415,161.31843311094616,161.46185302734375,4557600,135.0125686991649,135.25847080925658,133.91544033403827,134.46400451660156,3083000,84.32595723227614,84.6006971964731,82.65857310345277,83.22699737548828,2157300,67.66295890475338,67.83943286019542,66.98494007225241,67.27286529541016,2332500
2025-02-11,81.05321096201232,82.28286203234005,80.95861631182214,81.99909973144531,5400500,160.85952369219018,162.13110444139193,160.09466122646617,161.63394165039062,1635100,134.00054814058774,135.13551639179005,133.8965242970057,134.59640502929688,4034900,82.92382341004678,83.49224758699403,82.61118758295885,83.1606674194336,4082200,67.15212637033407,67.75583965434897,67.0685308305021,67.65367126464844,4625400
2025-02-12,81.81936634922549,81.89503917146448,80.5897082457933,80.93968963623047,6150900,160.82129518438188,161.7964806531726,160.61095763106493,161.7008819580078,1511300,134.32214590637938,134.48292972672826,132.78049158226594,133.3290557861328,1696800,82.85752322807122,83.52069091796875,82.4785712949736,83.52069091796875,1887200,67.33789053571154,67.74656413895099,66.97565969144753,67.73727416992188,2531100
2025-02-13,80.92077951131935,81.08157885504619,80.32486502394895,80.48566436767578,3394200,161.9494637486102,162.31277673765965,160.6492018067138,161.9016571044922,3706100,133.3952308523266,134.84231384674874,132.85613395235913,134.80447387695312,2501400,83.49226562423408,83.84279743589966,82.94279289695963,83.4164810180664,1546500,67.85800171761095,67.92301731534354,67.37502971819289,67.4586181640625,1513300
2025-02-14,80.42890880461322,80.75996838077415,80.04109822012684,80.06001281738281,4894200,162.20758150250222,162.48483665150746,161.10808722125637,161.2610626220703,2858500,135.0598819262718,136.02459938886832,134.80451256787657,135.44766235351562,2041100,83.33121411175027,83.77648210587091,83.12279018021235,83.37858581542969,1894900,67.67224251383014,67.83013651903742,67.35644741724711,67.42146301269531,2572200
2025-02-18,80.09785152738368,80.7126805959334,79.96542769311854,80.52349853515625,3920800,161.21326923690472,164.06238160423678,161.09854497113292,164.0050048828125,7054000,135.44764313410369,136.516384312545,135.23956656519184,135.9867401123047,3456400,83.0564680582386,83.84279202321036,82.83857558422407,83.6817398071289,2070500,67.05924353472196,67.31931304643093,66.7806082585739,67.26358032226562,2564000
2025-02-19,80.40054144091766,80.9680732313066,79.71003949796298,80.93023681640625,3520200,163.4887532710272,164.02415270195885,161.82517824902644,163.9859161376953,2467400,135.5138471084863,136.0434913308686,134.46401144207752,135.92054748535156,2043400,83.53963955550729,83.54911534199614,82.76279130528995,83.29331970214844,1742800,66.87348957223018,67.2635832273874,66.49267879969341,67.24501037597656,2193700
2025-02-20,80.63700424087031,80.98698562556555,80.40999299443531,80.95860290527344,4469900,163.52697649318006,164.27272802660679,161.8347351274563,161.95901489257812,2708800,135.4760276020106,136.11916292022102,134.31268638486355,135.2395782470703,1889100,83.07542267317001,83.27437081113136,82.18488671742276,82.77226257324219,1986700,67.15212143870524,67.36574108426777,66.85490625944996,67.31930541992188,2517300
2025-02-21,81.03428782953208,81.59236594704606,80.36270768012668,80.51405334472656,2790500,162.10244789021576,163.09675903405014,161.39494744943144,161.7869415283203,2685800,135.84489472893907,136.87581050379052,134.97476279158266,135.21121215820312,2861900,82.84803871833587,82.89541041545003,81.87224247219613,82.03329467773438,1865100,67.38432687477611,67.43076254315736,66.5112541096431,66.77131652832031,4013400
2025-02-24,80.59916904614705,80.72213196970469,80.0127154994066,80.06001281738281,1871400,162.3318765250024,162.71431506302207,161.12722795445217,161.71043395996094,3969400,135.01257526221855,135.31523734940276,134.4167182979013,134.63426208496094,2797300,82.11857564132644,82.86700376442344,82.03330801823573,82.50699615478516,2375400,66.78060725007106,67.32859491187205,66.55769761528502,67.08711242675781,2703600
2025-02-25,80.15460210664546,80.99644242704659,80.15460210664546,80.65592193603516,3845200,163.65126395200912,164.84635702981652,162.437045300166,163.19235229492188,5163400,137.61351729783203,142.89106835281333,137.61351729783203,141.00892639160156,5756200,83.23646602544667,84.23121383715973,81.2375018449649,81.68276977539062,2870500,66.50197238402406,67.24501403191407,65.22023298189264,66.31621551513672,5378500
2025-02-26,80.6843198808042,81.17617889586961,80.42892585607945,81.03429412841797,2227300,163.85205274553547,164.37788205056168,162.66651511172807,163.89028930664062,2702300,141.36833774097934,142.54113170583287,139.9307216601465,141.103515625,3708300,81.65436172071767,82.5827864028684,81.59751423044818,82.21331024169922,1952200,66.31621423961366,67.60724358620894,66.25119862813656,67.22643280029297,4352300
2025-02-27,80.40053835512798,81.77207406397461,79.92759401186252,81.61127471923828,6615400,164.20578589130176,165.29571017481166,156.85357107676234,159.2055206298828,6201700,141.2642920410757,142.01146559374519,140.04421981585728,140.69680786132812,3666600,83.36910954117441,84.9985978386716,81.67330519565849,81.88172912597656,3183300,67.24499403676259,67.44933078348178,66.59483101664081,66.61341094970703,5181500
2025-02-28,81.69640310260677,82.8314665654752,81.336960806671,81.95178985595703,6614800,159.6548618912717,163.5556470126893,158.9855981715316,163.46958923339844,4373100,140.27120194237855,140.95217718538674,139.12679523657465,140.69680786132812,4409100,81.16171285318896,83.05646514892578,80.95328894419289,83.05646514892578,6405200,66.79917724813923,66.79917724813923,66.00970004876439,66.706298828125,5933400
2025-03-03,81.91395924442693,82.52878833724236,81.21400363332039,81.73424530029297,5089900,162.57089591219292,164.569102635051,160.97425330329617,162.1119842529297,3371100,140.99002723847872,141.661535319731,138.71065201025712,139.47674560546875,1849100,82.63963597285603,83.34069239529332,81.20909576817768,82.10910034179688,4331600,66.76202553460801,67.39360872148033,66.03756392623053,66.53911590576172,4546200
2025-03-04,80.47621290556927,80.83564801618812,79.38843944945047,80.32486724853516,5549900,159.30114321153127,159.4827997174489,155.64894587078632,155.85928344726562,4114500,137.88778553869068,137.92562551342115,134.56804212632431,136.36505126953125,3518500,80.9911877238221,80.9911877238221,78.19643087986339,78.72695922851562,5883800,65.58244798015853,65.6288907292367,64.4678928639686,65.25736999511719,6720200
2025-03-05,80.00327212915948,80.62755495094187,79.61545427808862,80.39108276367188,6031100,156.0886999316541,158.29724403077597,155.47681290452883,158.2876739501953,3531900,135.54222033890412,136.71501428656416,133.74521108799988,134.87071228027344,3459300,78.87854307226944,79.61749533903036,78.22485119263939,79.096435546875,4583400,65.20164283804542,65.52672793697194,64.44002845694145,64.73724365234375,4895200
2025-03-06,80.12622741650974,80.64646906544394,80.01271817949925,80.14514923095703,3944500,156.70059910958625,158.7465978828617,155.97398776745038,156.2321319580078,3656700,133.82088527833687,133.89655080551182,131.9481959521352,132.78050231933594,2654800,78.23432440218848,78.52800869651105,76.64273217699345,76.95536804199219,5390500,64.23569738996734,64.64436384602517,63.75271827894119,63.97562789916992,5025800
2025-03-07,79.9181277338058,81.10994941937973,79.79516481078085,80.94915008544922,4991900,155.5437579263489,158.4215368304309,155.50550677795056,158.1156005859375,3433300,132.17518818652294,134.18974129009328,131.70228948102553,133.9343719482422,1536800,76.7374701087666,77.53326262568457,76.01746219257421,77.2301025390625,4923200,63.9291949281408,64.62579372111763,63.61339979051657,64.54219818115234,3586300
2025-03-10,80.30595622795616,81.03428738935096,80.21136879637427,80.26811981201172,9628600,155.89748975166998,157.48457676121345,155.17087845757743,155.99310302734375,3566600,132.2035489786034,133.9627325809663,132.02384517771722,133.39524841308594,2212200,76.06483269367574,76.45325316045759,75.36377635964323,76.15009307861328,6101200,63.97563562558115,64.5422032553047,63.799168736082116,64.18926239013672,6818600
2025-03-11,79.96542522055874,80.0127153218725,78.22498639801258,78.67901611328125,6743400,155.06571491369036,155.78277073978717,151.87242980272165,152.025390625,4484900,132.48729433740024,133.74520654297504,129.8012333307117,129.867431640625,4066100,75.73325617500029,76.46273267290235,74.73850826813612,75.60062408447266,8811700,63.91990203381205,64.44931680879071,63.297608841255716,63.65983963012695,5039600
2025-03-12,78.76414670416811,79.61544795403076,78.27228776900184,79.36952209472656,5127300,152.64686199123972,153.59336643326097,151.93936159166043,152.971923828125,3435400,130.58625735108248,131.98603349870797,129.8674420720321,131.85362243652344,2038700,75.81851208389713,76.59536023732863,75.3448240091729,76.19746398925781,6817700,63.799162790073964,63.864178393023685,63.25116806278124,63.56696319580078,4652000
2025-03-13,79.03845347259997,79.73841627118554,78.69793298046584,78.76414489746094,5402100,152.9432403315214,153.01015796109334,150.0367656553451,150.15150451660156,3086500,130.6713325205799,132.21297200031506,129.55528442338775,129.59312438964844,2078100,75.79009426154593,75.88483043379154,74.81429795439358,75.32588195800781,4580800,63.3811956025312,63.78986913238732,63.09327038986103,63.325469970703125,5094000
2025-03-14,79.07629576790701,80.1546083343717,79.01954475384832,80.0505599975586,5371500,151.1744990548119,153.47864215872252,150.88768836846575,152.971923828125,2657000,129.962004200403,132.10895357721202,129.82012595319995,131.62660217285156,1649500,75.72378554600422,76.87958575180511,75.25009741103058,76.481689453125,3888500,63.41835957781249,64.12424841227427,63.41835957781249,63.96635437011719,3014600
2025-03-17,80.08839462440685,80.83564756458233,80.0505582103597,80.71268463134766,8763000,152.97192469968053,153.95668029785156,152.2835498714488,153.95668029785156,4075600,131.70225894157565,132.61968337204377,130.72808898868183,132.44943237304688,2427200,76.51010595108941,77.56169413902079,76.51010595108941,77.41011047363281,2897100,64.13352857288474,64.74653179593139,64.13352857288474,64.7000961303711,3325700
2025-03-18,80.64647362723247,80.9869941409678,80.23974119230182,80.69376373291016,4826200,154.05227891196245,154.44425834437735,152.9623546358395,153.77500915527344,2429300,132.55349369769695,133.46146550959963,131.40908697846848,132.0238494873047,1576300,77.59012451867312,77.59012451867312,76.74696014531783,76.90801239013672,2119600,64.7093769143801,64.78368248027095,64.0777937766454,64.17996215820312,4036600
2025-03-19,80.67483531337001,81.24236700018443,80.67483531337001,81.17615509033203,4969100,153.97578817369939,156.6623549582501,153.68896293015015,156.43289184570312,2751100,132.39271139382868,133.18719215023012,131.85361439912603,132.91290283203125,1513400,77.03115773395093,77.53326597146993,76.9269457720613,77.06905364990234,5812300,64.2914284204212,64.43074960207285,63.910617662984635,64.15210723876953,2791100
2025-03-20,80.82617418379633,81.58288791484667,80.69375036334606,81.16669464111328,4021500,155.46728129778964,156.62413790839733,154.7024187492386,155.79234313964844,2501200,132.43054480972899,133.23446387283218,132.08058998769886,132.50621032714844,1219900,76.80379414521646,77.40063859502166,76.62379034045776,76.84169006347656,3921900,64.02207355698881,64.2635631234624,63.74343120442934,63.95705795288086,2495500
2025-03-21,81.08159011150819,81.34643782419336,80.26812515594155,80.68431854248047,11937000,154.77890104306672,156.25124936192512,154.64505119589776,155.76365661621094,6927700,131.87251020425325,132.1657194889932,130.38761595233714,131.1631622314453,6579000,76.44378832210177,77.18274060580465,76.3585207051093,77.11642456054688,15481400,63.780590420958774,64.04065286361046,63.41835957781249,63.96635437011719,11049500
2025-03-24,81.25184673760621,82.14097727361339,81.24238582927548,81.99909973144531,11579400,156.5572063032403,158.9378371654662,156.47116309568196,158.7083740234375,4029400,132.2413903651895,132.85615286052152,131.74010450023434,131.9292755126953,2142400,77.68484382732846,78.19642781256451,77.57115608797388,78.12063598632812,5171200,64.38430840186955,64.45861397870186,64.0592303609405,64.2728500366211,7418800
2025-03-25,82.28284901432345,82.68012771921616,82.10313508382367,82.33960723876953,8855500,159.73138287652614,160.42931321675465,158.84222595450137,159.32981872558594,3644700,132.60078521236605,133.24393491306077,132.26976479982628,132.6197052001953,2179100,78.40485176654384,78.9732760078359,78.34800428288017,78.50906372070312,4124400,64.55148209856964,64.81154448978407,64.49575646792903,64.71866607666016,7336000
2025-03-26,82.49096004719196,82.75580775225694,82.31123886880128,82.6044692993164,8470600,159.68355990730188,160.33368353562193,158.23032264774034,158.79440307617188,2199400,133.15881114923863,133.2912222095142,131.27668353758776,131.796875,1768600,78.63222511448919,79.01117704255002,78.18695714111072,78.62274932861328,2623900,64.74653442692312,65.02517677628367,64.52362479913627,64.65365600585938,6915700
2025-03-27,82.2923189067652,82.90714802006993,82.2734043075895,82.5666275024414,9543400,158.31634159059902,158.7943787458978,156.43287403163896,157.02565002441406,2334700,131.46582508074272,131.89143098063104,130.79430264584045,131.38070678710938,2251600,78.37643218537393,78.51853282575838,77.25852803760891,77.70378875732422,3533300,64.59793516371998,64.69081359167545,63.88275638750623,64.2728500366211,5927600
2025-03-28,82.33014715301944,82.59499481455094,81.51668235456836,81.69640350341797,9035200,156.6910321384742,157.02566401240716,153.28740962371486,153.52642822265625,3935900,130.75647698902182,131.18208288853688,128.8932551497219,129.04458618164062,3829300,77.43534703396608,78.1064514000366,76.64920163870178,77.08062744140625,11790100,64.08708709362259,64.28213389965417,63.39048832086581,63.49265670776367,8450500
2025-03-31,81.05320695569971,81.98017386265295,80.96807321804827,81.5639877319336,9482300,152.86672927358694,155.6297835983393,152.56079306355213,154.9796600341797,4138800,127.66370330526715,130.4254294253703,126.85978433617485,129.97145080566406,2657100,76.36160112125103,78.00100181810825,76.24655276353097,77.60792541503906,3200300,63.05611878923616,63.520517959630396,62.15518326488429,63.37191390991211,11842800
2025-04-01,81.62073919258188,81.81937495944442,80.10731867132579,80.29649353027344,16865000,154.8840684701219,155.6298054104875,152.53211878921098,155.54376220703125,3010800,129.96201880442305,131.08751997279245,128.63789384033805,130.557861328125,1971000,77.57916414733327,78.53787850599358,76.70673788444564,78.18315887451172,2998600,63.26813379190144,63.52287084910932,62.79640596536357,63.29643630981445,4501200
2025-04-02,79.56814744159836,81.44100272974163,79.53976472318425,81.17615509033203,13073600,154.81714157882936,157.0543670654297,153.84195606236568,157.0543670654297,2743700,129.8012174525422,132.44943815956998,129.12969506715416,132.1846160888672,3169300,77.57916939956077,79.56370796376746,77.17651109712128,79.50618743896484,4313800,63.06057247351612,64.24932861328125,62.74923757809761,64.24932861328125,10357000
2025-04-03,80.0127157200469,80.15460045780928,77.61961864162475,78.1682357788086,14518900,152.97192302030132,158.23033287412417,152.96236752698672,155.08485412597656,6510200,128.2122870461061,130.07550898870605,127.8812666311183,127.97583770751953,4555500,78.71044709571461,80.75251335342683,78.71044709571461,79.61164093017578,5852000,63.21152076615324,64.43801583932118,63.09830351081644,64.32479858398438,8101200
2025-04-04,77.21289240502976,77.32640164761104,75.77514474845762,76.80615997314453,12709700,152.92410875724738,154.39647161253978,149.73082352455265,150.88768005371094,8777000,125.45999917464734,125.52621190923335,119.38798979014761,120.15408325195312,8836900,77.9722395052014,77.9722395052014,76.15068078516323,77.32990264892578,5155300,63.49457044996077,63.617217097674896,61.96616964969816,62.77754211425781,10728300
2025-04-07,74.31847475446754,76.72103291470869,73.9684933380523,75.05626678466797,25072200,145.05561273562756,151.987152307681,144.6062565893907,148.7078094482422,9351000,115.38726930160037,121.53495168242334,115.35889653745735,118.82051086425781,6337400,74.46333379162414,76.75466025626574,74.07984663003194,75.0577392578125,8260300,60.484938176874536,62.34354683243827,59.8150855747669,59.890560150146484,14924800
2025-04-08,76.51293307289306,77.31693698998063,74.68736767179509,75.35894775390625,18636500,151.53778666279757,152.04450490853029,146.7956513993777,147.7039337158203,5445600,121.71466555956204,122.10244594393617,117.12754255348379,118.02605438232422,3383800,76.38077405623224,76.94641935249453,74.11820750000386,74.59756469726562,8253900,61.05101338775959,61.70200008044814,59.5603553532362,59.966041564941406,8321000
2025-04-09,74.51711188405038,77.41152904540955,73.88336817637052,76.79670715332031,6589500,146.2793976664584,153.68897499923654,144.9313291278907,153.34478759765625,5027800,116.84380724212123,122.80232630721491,114.73467594492304,122.48075866699219,5333200,73.76347927561606,78.00099465107436,73.02526518162688,77.35865783691406,8051300,59.43770752336669,62.305813639047344,59.03202129520802,61.90012741088867,8322700
2025-04-10,76.24090185162191,76.42297774316721,74.80347907275356,75.89591979980469,9240800,152.0158546361981,152.14970449070094,145.89698330386776,146.85305786132812,8464100,121.0620597636512,121.26068355540869,116.0966237186577,117.72339630126953,5434100,76.69714620604684,76.88888614579801,74.73177890875296,75.63297271728516,5234000,61.4189596979624,61.4189596979624,59.52261547681322,60.0415153503418,5876800
2025-04-11,75.56051506706545,77.88914002870665,75.43594107067166,77.66873931884766,6727900,146.85305170433725,151.05977374537497,146.85305170433725,150.37139892578125,5002100,117.5153213121232,120.12572403132859,117.5153213121232,119.68119812011719,5241500,74.86600258624802,76.71632163625212,74.78931099463287,76.01646423339844,5124700,59.815090060793274,60.92836802336623,59.76791439877081,60.35285949707031,4152400
2025-04-14,78.74200807394521,79.77695409799081,78.23411992634212,79.7194595336914,15059700,152.8093909478871,153.1057717123328,150.57218009187199,152.93368530273438,6392900,121.53496477118252,121.78086689747829,120.00277039970341,121.09043884277344,1527200,77.0806304577966,77.43535006423764,76.35200554861596,77.36824035644531,4447600,61.1076261051107,61.456707325858595,60.73967893637467,61.33406066894531,4659500
2025-04-15,79.77695538392766,80.61066313525461,79.73862323674037,80.07402038574219,12431900,153.38299794835314,154.66414863941912,152.64683121709254,153.73675537109375,6543600,122.19701467116482,122.80232439758639,121.30796285354391,122.42401123046875,1949100,77.41618003143124,78.5474632024855,77.33948113166933,78.13521575927734,4150700,61.75860820084157,62.03221121291657,61.51330770760267,61.824649810791016,3845900
2025-04-16,80.12193262337365,80.52440917819393,79.47988564623998,80.30400848388672,8859400,153.3065518931874,154.2721818862048,151.51868265818172,153.29698181152344,7798400,121.88489819064203,122.56587342776172,120.3810838885536,121.74303436279297,3571500,77.8476121535067,78.78715555383872,77.51206355139203,78.11605834960938,3750700,61.71143780510986,62.10768745241179,61.0793170462287,61.63595962524414,4338100
2025-04-17,80.31359563116041,80.75440438354359,79.93028875855588,80.47650909423828,12163800,153.60293084073905,154.3582232677809,153.06753146128574,153.84194946289062,10715800,122.23485846468516,122.62262442198907,121.07151729760528,122.3105239868164,2547200,78.22149753976129,78.69127282102579,77.92429844238112,78.23108673095703,3400500,61.635964189133965,62.107692051231126,61.62652761645316,61.975608825683594,3465900
2025-04-21,80.30400745023884,80.91730713857815,80.11234672818969,80.66815185546875,3926100,153.06754048889266,153.91844625039536,151.55694095717797,152.37916564941406,7282400,121.37417913974517,122.02678163904504,120.03114859601793,120.82561492919922,2334300,77.22443883220086,77.98181668311928,76.94641081092277,77.5312271118164,4060900,61.90956849316222,62.060517669196955,61.46614314194177,61.94730758666992,3054200
2025-04-22,81.22396225375672,82.20140641075693,81.22396225375672,82.02891540527344,8736400,153.02929281890536,155.89751651913787,152.88588746930978,155.86883544921875,12876900,121.75248758103626,123.19010357923467,121.67682206200244,123.0293197631836,2331300,77.9434832646555,79.33361621209421,77.9434832646555,79.22815704345703,5798000,62.324683423890775,62.900191996909115,62.324683423890775,62.853023529052734,8739100
2025-04-23,82.93928591267381,83.05427504013332,82.01932902634185,82.12474060058594,7036500,157.84791666921228,158.62233473344304,155.88796089136324,156.3181915283203,6123200,125.40326187126614,125.6775511729346,122.78341371336438,123.56841278076172,7343800,80.23480535978757,80.57035391550652,79.78420845021789,80.1005859375,2490000,63.54174100214517,63.91912472796109,63.23983546109161,63.46626281738281,4104400
2025-04-24,82.06725398889797,82.6422216152359,82.01933697374064,82.60388946533203,10614000,157.53383581169976,157.53383581169976,155.58491969352335,157.30227661132812,6825100,123.54950372467218,125.22355452512541,123.54950372467218,125.14790344238281,5659700,79.64999854903378,80.33068493326209,79.60205990059639,80.2060546875,3619800,63.13604688071456,63.50399398803711,63.032266189111276,63.50399398803711,4046700
2025-04-25,82.49847760718488,82.86262937450851,82.230159869858,82.57514190673828,6646500,156.24097665484726,157.88114696174674,156.12520443043982,157.55311584472656,14776700,124.84525882830758,125.63972519360141,124.18320352389605,124.58043670654297,7224200,79.88966157686502,81.29897271881902,79.88966157686502,81.21268463134766,4587300,63.44739958324222,63.89082494018739,63.051149893289754,63.82478332519531,5837600
2025-04-28,82.61347963958902,83.44718750357723,82.61347963958902,83.06387329101562,12622300,157.3312398477204,158.56619284891795,157.3312398477204,158.11273193359375,8660800,124.570978852116,125.63972007436145,124.570978852116,125.28977966308594,2847200,81.37567641678989,82.47819945021244,81.2989848230086,82.01802062988281,2095600,63.919114538264054,64.25875911755419,63.83420699243889,64.18328094482422,4762600
2025-04-29,83.17886138017634,84.12755829471509,83.17886138017634,83.90715026855469,12522800,158.03554371763522,160.09057462162795,157.8908136933704,160.0712890625,8373800,125.21319855030177,126.32365547288535,124.57181772614925,126.21835327148438,7628100,82.14264681982993,83.02466227731588,82.0180165859711,82.90003204345703,4534500,64.40971355556219,64.77766787834547,64.39084760982743,64.65501403808594,6204400
2025-04-30,83.67715774108582,84.41503143310547,83.29384359891195,84.41503143310547,7453900,158.855609515289,159.72394542922888,156.88740794293142,159.64675903320312,5363600,125.83543383819152,126.4480972290039,124.18889823656181,126.4480972290039,8602600,82.69869870171811,83.40814524542608,81.80709409789752,83.3602066040039,4437300,64.62672027740999,65.11731411093766,64.05121168158168,65.07958221435547,6580700
2025-05-01,84.3767045342187,84.85584537243436,83.71548783792625,83.7634048461914,4320600,159.6756914853658,160.9588876306858,159.01962924542408,160.3028106689453,2113000,126.40020104067331,128.3339253600072,125.59608326286701,127.57767486572266,3309300,83.40814700861242,84.05048385655371,82.95755010159365,83.71493530273438,1606300,65.33430599820787,65.37204508925872,64.78709997496385,65.09844207763672,3837800
2025-05-02,84.32879738144383,84.77919099178139,83.95506806884667,84.65460968017578,2902800,161.57638132219716,161.90441247726218,160.67910231357777,161.53778076171875,2914900,129.06149221078644,129.1955118603565,128.2669419286759,129.08062744140625,4959900,84.3572702448827,84.45314021317807,83.95461198939633,84.36685943603516,1796700,65.46638879487176,65.70225271391885,65.22108830362403,65.6739501953125,3258600
2025-05-05,84.09879758046245,84.75042937886256,84.09879758046245,84.50127410888672,6379400,161.3158834469198,162.01054633639663,160.94926644321865,161.1229248046875,4169900,128.07545503434866,129.89430957760766,128.07545503434866,129.31036376953125,3899300,84.29974817430838,85.10506467045029,83.9258501847554,84.43396759033203,2481500,65.63620972946887,65.73055385551214,65.41921176137346,65.49468994140625,1557700
2025-05-06,84.1467245951136,84.3096380615777,83.53342481286667,83.80174255371094,8168900,160.92995315800601,161.18079790045763,159.54062749132115,159.62745666503906,5402600,128.9274402136467,129.61668820432206,128.71685045648212,129.27206420898438,2489300,84.16553749077738,84.71200440254584,84.00255779932598,84.10801696777344,2329600,65.38148168628918,65.38148168628918,64.85314160937263,65.01353454589844,2118100
2025-05-07,84.20421501883807,84.50128000419404,83.68674202714406,83.69631958007812,3165000,159.83971599254275,160.92995358254228,159.72394376061345,160.5440216064453,5303200,129.89431634277386,130.2293581342398,129.21463593126833,129.99961853027344,3452300,84.36686628940434,84.88457293754583,84.29016738277367,84.77911376953125,2773900,65.20222043605058,65.58903350893276,65.1456154005057,65.48526000976562,2738200
2025-05-08,83.98381184676421,84.48212245016468,83.82090570419886,84.09880828857422,2761900,161.1229397113195,161.69217291119884,160.40897647502538,160.96856689453125,3690700,130.76545543308654,132.68003009765854,130.43039902396825,132.10565185546875,3306200,84.8462166615698,85.402272718313,84.71199724296416,85.1242446899414,2850600,65.63620698503541,66.01359067142447,65.52298971972016,65.79659271240234,2458200
2025-05-09,84.33837945758832,84.56836503209466,83.86881613278797,84.3958740234375,2496800,162.07808592733136,162.07808592733136,161.0264341179883,161.69215393066406,2717600,132.68003680478435,132.9480761028105,132.1056585335591,132.79490661621094,2483100,85.32558228800417,85.594021151863,84.75035510624804,84.79828643798828,2768900,66.04189455243554,66.2305828005301,65.90037476736697,66.06076049804688,1980100
2025-05-12,85.09542005591712,85.41164746854368,84.53003003671267,84.82709503173828,5834900,163.24549542381345,163.83402883777168,162.58943311149304,163.0621795654297,4856400,136.17412231313736,136.71020087931666,135.49444188363088,135.82949829101562,5051100,86.1884205509621,86.1884205509621,85.20094595196043,85.40227508544922,2053300,66.9853594136259,67.03253508114386,66.4192873933917,66.74005889892578,2348900
2025-05-13,85.04751476724012,85.5649878471008,84.80794430310705,85.41165924072266,2915100,163.67965449042907,163.9208564656415,162.9849916240733,163.80508422851562,5104300,135.9922494197881,136.18370398360597,135.0541118321477,135.91566467285156,1212200,85.6036041561302,86.65818846552105,85.53649444501652,86.58148956298828,2865000,66.98535590622748,66.98535590622748,66.27776411848565,66.6174087524414,2255300
2025-05-14,85.46915086092234,86.1591148845555,85.28707499048875,86.05370330810547,6507000,163.77614548957285,165.35842989983425,163.74720242952787,165.21371459960938,5912900,136.17412224126537,137.0643924438335,135.9348004095584,137.05482482910156,2060100,86.83075917133947,87.7798843383789,86.76364945880961,87.7798843383789,3264400,66.59853303216323,67.4382152099731,66.59853303216323,67.33443450927734,2420000
2025-05-15,86.21660670990194,86.93531799316406,86.0057835637009,86.93531799316406,6572500,165.53209875567572,168.23354910290647,165.46455513609482,168.0598907470703,3524900,136.32728585841448,137.6483323798531,135.79120731556463,137.51431274414062,1759100,87.93327843171699,88.21130646171186,87.67442146974497,87.99079895019531,3152400,67.44764181214933,67.84389865215418,67.44764181214933,67.72124481201172,2589800
2025-05-16,86.82032459310687,86.86824160477768,86.03453385502841,86.08245086669922,4523900,168.05989773593825,170.0956430819878,167.9151677115892,169.65182495117188,3374400,137.5239092865165,137.93553585083913,137.1984350811852,137.6100616455078,3281900,88.09626265323759,89.03580595182207,87.81823460890554,88.88240814208984,2278800,67.80616093942808,68.07032737279795,67.45707975362049,67.90050506591797,2243800
2025-05-20,86.42743388949236,86.77241590644653,86.01537244208099,86.40826416015625,3966900,170.37542935048964,171.22446504248222,169.62288034051468,169.63253784179688,3292600,138.13656833117133,138.55777710475255,137.8302293660047,137.95468139648438,2977900,89.16043849924864,89.9657550780023,88.91117070917282,89.07415771484375,2678600,68.06088273358557,68.35335165043692,67.76841381673422,67.81558227539062,1882300
2025-05-21,85.93871296495337,86.25494771674207,85.61289334795924,86.1495361328125,3988600,169.03434258039795,169.4202745767767,167.78008935531764,168.22390747070312,3699200,137.20799219986813,137.54303399488512,136.36557469094276,137.21755981445312,2776000,88.6331409589544,89.17002598224433,88.12502351099177,88.80570983886719,3093000,67.5702933012068,67.7967206319059,67.08912892522555,67.44763946533203,3189400
2025-05-22,86.96407503309551,89.91558478888517,86.91615801772416,88.9381332397461,10972200,168.35895985183987,169.91230098719583,167.20119344478292,169.2369384765625,5934700,137.31328972246195,138.00253773233507,136.66232677667304,137.5908966064453,3302800,88.77694586717911,89.38094057883275,88.46056838149482,89.0166244506836,2687000,67.32499070934279,67.7023743806318,67.21177344855764,67.5042495727539,4476200
2025-05-23,88.72729366177285,89.53225404226986,87.97983515130981,89.03395080566406,7651800,168.35896370222866,170.38506600226444,168.10811897019903,169.88336181640625,2738100,136.22199548163982,137.33245233497576,135.9635238021289,136.57618713378906,1703500,88.59478917156852,89.8698735912849,88.2592333256548,89.70689392089844,2627200,67.25895358386357,67.74954735059967,67.06082876279734,67.63633728027344,2262000
2025-05-26,89.33102114520203,89.93473598353654,89.158530146948,89.52267456054688,2096700,170.77098269491202,171.01218464787092,169.80617488307635,170.1824493408203,2573600,137.38990321460014,138.35675831082796,137.28460100752204,137.72494506835938,644000,90.11914885459163,90.52180712593034,89.89864133586232,90.04244995117188,741900,67.90050015068006,68.09862496136543,67.59859464896972,67.68350219726562,1459400
2025-05-27,90.07848958048118,90.74928391887056,89.62809596280117,90.38513946533203,6322300,169.97985432021107,172.32434524929943,169.97985432021107,171.61038208007812,3691400,137.0069527900016,138.69178777529828,136.82506586708482,138.67263793945312,3800500,89.83152560462038,90.84776772081167,89.80276534636762,90.64643859863281,4721200,66.66457095178822,68.91942908408954,66.50417804182125,68.78734588623047,7192800
2025-05-28,90.4905475549821,90.87386172402407,90.20306010042322,90.3084716796875,4423800,171.61037689714303,172.75850065654214,171.253402684214,172.314697265625,4638500,140.40534459957857,143.54524617892477,140.3287598528815,140.80740356445312,4612700,90.67520336539947,91.06827243841379,90.08079784578598,90.10955810546875,2968000,68.78735964005764,68.82509153442368,67.84390392499772,68.10807037353516,4271600
2025-05-29,90.49054227525428,90.99843041238022,90.12639785702098,90.96009826660156,5498200,171.00255175109066,171.7358004306094,165.70575125818633,166.33287048339844,8100300,141.79339986951737,142.06143916322927,140.22344917475664,141.4774932861328,2668700,91.74895730360478,92.46799304207946,89.32341124945577,89.84111785888672,3015300,68.21185364019269,69.41003927620665,68.21185364019269,69.3817367553711,4938300
2025-05-30,90.60554462475801,91.1325952136096,90.54804274678331,90.81636047363281,4933800,165.95660809293648,168.3686279376081,165.261945199927,167.81869506835938,7194100,140.99885470828517,141.79340500307094,140.78826491878382,141.075439453125,2873700,89.28506039567152,89.89863696437325,88.9207515937579,89.57267761230469,4676400,69.25908052688375,69.84401840463143,69.24020738360439,69.27794647216797,7430300
2025-06-02,90.73011064148194,91.1230023323447,90.55761964495196,90.99842834472656,3317200,166.89245407608033,169.22728725477376,166.89245407608033,168.99574279785156,2519600,140.72122740818276,141.69766450466096,140.12771398044327,141.51577758789062,1928300,89.16043974701044,89.53433778015153,88.53727392030517,89.00704193115234,2691900,69.14586639404297,69.4572084903024,68.87226338805698,69.14586639404297,2312600
2025-06-03,91.03676181215369,92.01420593261719,90.95051996819038,92.01420593261719,3981500,169.80620107164802,169.87374469535698,168.74490642622976,168.7738494873047,2845400,141.86041558894294,141.9561355602926,141.0371478786974,141.62109375,1441000,89.16043849924864,89.56309678862547,88.8153007328084,89.07415771484375,2349600,69.31568518484643,69.41946587833472,68.92886492766371,69.0232162475586,2118500
2025-06-04,91.85130397988716,91.9950477041468,91.22841938216843,91.24758911132812,1986700,168.8124301615445,169.13081851765952,167.9055084299077,168.11776733398438,1719700,141.62110652668102,142.15718515714946,140.98929330918014,141.7934112548828,1244000,89.06456153697543,89.29465092508475,88.77694431603146,89.08373260498047,3203800,68.97605287469958,69.13643863029911,68.74018892893682,68.99491882324219,6447600
2025-06-05,91.50632090708035,91.64047976520747,90.90260604550826,91.61173248291016,2020100,168.84139012602927,168.8896334675683,167.33629208953678,167.3748779296875,2747400,142.1571867585218,142.33907371170403,141.15203201154702,141.69769287109375,1156500,88.90157573484016,90.07120097723623,88.70982849594873,90.02326965332031,2743600,69.10812532637347,69.39116489632806,68.82508575641889,69.12699127197266,2108600
2025-06-06,91.87047319421572,92.45502564144883,91.7458918887044,92.3304443359375,2674300,168.52300089145663,169.03434792123977,168.291441686313,168.42652893066406,2508500,142.5592266703831,142.94215036456796,141.678524084326,141.9561309814453,1304200,90.34923553466797,90.63685275664167,90.05203643586232,90.34923553466797,2433000,69.43832889385197,69.70249530322397,69.3628507203186,69.65532684326172,3389100
2025-06-09,92.14838126236148,92.819175596935,91.71715006632716,91.91838836669922,2826800,168.01163199668812,168.67735174326378,167.9248028267345,168.51333618164062,2230300,141.11373302970884,142.06143816616506,141.04671590322823,141.59237670898438,893100,90.07119692088584,90.57932159525782,89.97532696296226,90.14789581298828,2211500,69.53268663866893,70.14593432231992,69.53268663866893,69.80628967285156,5236400
2025-06-10,91.81297841341302,92.78084509428334,91.79381599398937,92.72335052490234,3699500,168.6484108457811,169.34307365790158,168.63875334557446,169.29483032226562,1930000,141.726400651795,141.85083807938815,140.94141798260176,141.2477569580078,1097900,90.01368512484262,90.34923366727008,89.68772577345871,89.82194519042969,2405100,69.76854239601745,70.06101854197705,69.69307141453967,69.7968521118164,5660000
2025-06-11,92.69460246900427,92.7233497534556,91.73632066137358,91.97589111328125,3602700,169.88336728674832,170.1342120268553,168.5326274692969,168.57122802734375,1963700,141.3913469329386,141.67853607612383,140.89355339188728,140.9988555908203,802200,89.97534072001199,89.97534072001199,88.86323587212368,89.03580474853516,2751400,69.8817620202992,69.96667677456703,69.26851438790486,69.4100341796875,4486300
2025-06-12,91.99504925082844,92.44544284922983,91.60215021865373,92.2921142578125,2793800,168.69666538754888,169.1404687725628,168.2239042217905,169.1018829345703,1904200,141.17118699042015,141.4392263184327,140.5776734222563,141.29563903808594,819000,89.0837259340224,89.32340449539099,88.82487630608436,89.09331512451172,2115100,69.33456182426697,69.72138214111328,69.33456182426697,69.72138214111328,2998100
2025-06-13,91.68839622558002,92.41669238754415,91.53506763943625,92.2154541015625,3587800,168.22390537051305,168.41686400539328,167.28804053345388,167.44241333007812,1918800,140.29046571570328,140.35746823532838,139.02683938744326,139.0842742919922,1428200,88.64272855400489,89.00703737640951,88.14420030679804,88.78653717041016,3040900,69.44777618125872,69.89120152169703,69.24965134365785,69.60816192626953,2296700
2025-06-16,92.3400253428516,92.76167163107304,92.21545135365399,92.43585205078125,5120600,167.98270566192437,169.98950787970318,167.96340538163602,168.8317413330078,3094900,139.74479116333458,140.76909555052796,138.86408863043502,138.98854064941406,1322600,89.10291529610313,89.86030052109767,89.03580558322565,89.46722412109375,6080500,69.93836797659503,70.627093800054,69.89119951071157,70.24971008300781,6599500
2025-06-17,92.36877396099284,92.79042025531686,92.2346151057278,92.76167297363281,4423900,168.52297895992473,169.1983414847845,167.98268894003692,168.51333618164062,2345700,138.67263747481212,139.13213128424212,138.23227889411828,138.7205047607422,1379800,89.16042998220867,90.19584318262166,89.11249134140061,89.82194519042969,4297200,70.04214576444345,70.31574876796806,69.84402094078673,70.05158233642578,4867600
2025-06-18,92.7616775456529,93.86369572377335,92.75209268091604,93.61454772949219,4522000,169.08255787622164,169.93159340563392,168.92818510327433,169.1597442626953,2486000,138.97896935316697,139.52463014969692,138.55777519244472,139.35232543945312,1171500,89.78360340601029,90.31089192786834,89.78360340601029,89.90823364257812,2680000,70.05158330206153,70.42896700860777,70.05158330206153,70.14592742919922,4604600
2025-06-19,93.23122810886052,93.36538696289062,92.61792840154885,93.36538696289062,1976300,168.7448858212149,169.57462115491558,168.358968572805,168.8703155517578,627100,139.10343689990552,139.52464571466223,137.92597742741538,138.1078643798828,1033900,89.79319261155597,90.88612642288754,89.4192872729749,90.66561889648438,1827500,70.0232786412582,70.28744506835938,69.96667360630661,70.28744506835938,1111700
2025-06-20,94.10327043757067,94.10327043757067,93.08749406262754,93.32706451416016,11901500,170.52014015912977,170.52014015912977,168.40720866851782,168.68699645996094,5413200,139.07471475411563,139.10343220805797,137.99297529879908,138.46205139160156,3599500,91.35588967356598,91.35588967356598,90.20542808526632,90.7806625366211,5457900,70.75917702132081,70.75917702132081,70.06102182348258,70.24971008300781,9496500
2025-06-23,93.08749298685643,93.77745704907437,93.08749298685643,93.69120788574219,8092000,168.36862219708934,168.87032642977968,167.45205763172453,168.5229949951172,3163800,138.16529380575807,138.73008987265203,137.22715623279305,138.5194854736328,1318400,90.665622176189,91.90236465257226,90.50264248066212,91.71062469482422,4582200,70.12705583446059,70.2685756127659,69.83457970649762,70.164794921875,8408700
2025-06-24,93.91160969696182,94.72614770660134,93.787035703853,94.46741485595703,7197700,169.31413367674165,170.5104859801724,169.1308178310742,169.93161010742188,2885000,139.24704173138804,140.52980343474204,139.09387223058673,140.2904815673828,1862600,92.26666300444764,93.03363737703182,92.14203277752684,92.4392318725586,4562700,70.57048660182731,70.96673625349963,70.37235457799567,70.39122772216797,6113800
2025-06-25,94.3907556960333,94.85073416910532,93.92119966912317,94.71656799316406,3939800,169.99912961797583,170.18244545352513,168.87030627052846,169.53602600097656,2880400,140.08941685741485,140.39575579797625,139.76394268835188,140.07984924316406,1328500,92.48717207040865,92.7364398428554,92.15162351965905,92.37212371826172,2570400,70.39122477362909,70.42896386239738,70.06101674440053,70.27800750732422,4786600
2025-06-26,94.50574632346192,95.38736375553412,94.50574632346192,95.31069946289062,4830900,169.54568406852462,171.62002983673145,169.54568406852462,171.35952758789062,3584000,140.14686679717863,142.51136779785156,140.14686679717863,142.51136779785156,3312900,92.32418786875982,92.70766772831426,91.85441260630952,92.23789978027344,4504300,70.28745475314126,70.89126586914062,70.27801818001731,70.89126586914062,6877800
2025-06-27,95.32987153714018,95.60776681036896,94.84114579839975,95.30111694335938,8128600,171.13761924441874,172.5365876670309,171.0218322928803,171.44635009765625,2483800,142.24333554305645,143.57396448483797,142.24333554305645,143.17190551757812,2892500,92.17011494777928,93.18702052556688,92.01516219995703,92.54782104492188,9045200,70.66483286612531,71.37242463608385,70.66483286612531,70.9101333618164,10633200
2025-06-30,95.54069029621165,96.01025363120486,95.15738343408378,95.98150634765625,7843400,172.00595944068792,173.173383532978,171.58144158894606,173.15408325195312,5281800,143.59309842894436,144.48336862782205,143.21018934261863,144.4642333984375,3289200,92.48971274928134,93.61315155029297,92.22822676016635,93.61315155029297,5724900,70.8252154729699,71.20259917318383,70.72143477546119,71.0422134399414,10606400
2025-07-02,96.9302107181795,97.2176908868943,96.42232250678406,96.88229370117188,11011400,173.15407352587297,173.3663324398213,171.7358047471274,171.84193420410156,3499300,145.0290276040347,145.9767473003795,144.59825123553074,145.8427276611328,2590100,93.4969347289837,94.47510028638723,93.48724787307503,94.27171325683594,3215900,71.00391444076307,71.78901672363281,70.94646294368205,71.78901672363281,5189100
2025-07-03,96.69062773798075,97.57224517235016,96.681042873598,97.35183715820312,10312800,172.41118270936914,173.79086577312688,172.28576768306493,173.21197509765625,3137100,145.84273691460157,147.51798981499948,145.71828488203158,147.50840759277344,1734500,94.55257262084919,94.84311918579661,94.23298026609432,94.66879272460938,2407300,71.73156075320057,71.94219918505233,71.62624153727468,71.76985931396484,5361500
2025-07-04,96.94936698703951,97.68724805992183,96.94936698703951,97.44767761230469,3968900,172.9997030100902,173.73296643950343,172.99006023089277,173.23126220703125,1787100,146.9627651410119,147.6137135589854,146.95318291854102,147.23080444335938,540400,94.43635546690857,94.99806746974703,94.43635546690857,94.80437469482422,725900,71.62624815715274,71.83688660847226,71.62624815715274,71.7315673828125,876900
2025-07-07,97.40934830330828,98.17596937136796,96.74813150905213,97.04519653320312,28697700,173.55930251598494,175.4792756471673,173.40492970988163,173.7812042236328,5284700,147.32650401758568,147.8721647691907,146.15861238749065,146.42666625976562,2991100,94.94964145671817,95.93748636330541,94.94964145671817,95.4532470703125,4385300,71.721991015858,72.19113559822362,71.58794240190717,71.81773376464844,6187700
2025-07-08,97.07394257593394,97.48600401398681,96.7577078490565,97.16976928710938,24655800,173.694370826104,174.4758628955624,173.5399980237466,174.0417022705078,4488800,146.4649668766247,147.77644589270312,146.4649668766247,147.623291015625,1976400,95.43389253370698,95.55011263838179,94.24266047473505,94.97870635986328,2503200,71.58794093177457,71.9326206641046,71.40603190421946,71.9134750366211,9097700
2025-07-09,97.25600906424788,97.89806336879035,96.97810648997621,97.20809936523438,12053200,174.60128804610324,175.35383703555442,174.19607049192183,174.91001892089844,2439900,148.04449368664854,149.0017811068197,147.86262134673535,148.14022827148438,2365600,95.28861181770418,96.46047007337384,95.28861181770418,96.4217300415039,3758700,72.01880912207658,72.20072549190242,71.7794485532341,71.82731628417969,5511100
2025-07-10,97.3146142188246,97.97306165531081,96.84014702399097,97.77940368652344,17480900,174.88107013805453,176.66597059568167,174.72671206660883,175.91342163085938,5219900,147.87218196918585,150.23668295374966,147.87218196918585,149.9207763671875,3774400,96.6057404542843,97.40957946648932,96.51858092686477,97.17713928222656,4088800,71.76027975376043,72.5166598606618,71.61666928796537,72.09539031982422,7159800
2025-07-11,97.31460833148957,97.54699935749083,96.52059888737256,97.49858856201172,7525800,175.14159598023122,175.30561157447468,173.35669528215527,174.0224151611328,2303300,149.03048776900656,149.4804139924699,148.34125431487638,149.0113525390625,2565300,96.72196471314899,97.02219072795695,96.3539380999979,96.88660430908203,2864200,71.80816041775611,71.83688251317061,71.3198628815983,71.49220275878906,5333400
2025-07-14,97.37271155692056,98.26355743408203,97.13063539860478,98.26355743408203,16573700,173.8101360062723,174.3214830117331,173.26984594177034,174.27325439453125,5288900,148.91561889648438,149.25067531420476,148.37954031376842,148.91561889648438,1823600,96.7025875291852,96.84786079816352,95.69536889021565,95.86001586914062,3035000,71.49220574926188,71.62624706993893,71.17624807707854,71.60710144042969,4351200
2025-07-15,98.25387100413874,98.2635561188636,97.37271025362575,97.67288970947266,13715900,174.2346365482325,174.37936655087933,172.75848179638646,173.0382843017578,5727400,148.81989426232676,149.17408589901416,147.77643997468383,148.08277893066406,1802700,95.78253981052968,95.89875251944531,95.37578055151363,95.75348663330078,2972200,71.55922550597332,71.7315653881967,71.31986496425775,71.65496826171875,3321900
2025-07-16,97.48890059990305,98.16671081742953,97.21777651289246,98.0795669555664,7128800,173.28914622173116,174.3311405126136,172.78744199535072,174.27325439453125,4582800,148.5039758528155,149.1453565578419,147.5658238302,149.02090454101562,1551900,95.84064920929171,96.25709533691406,95.40483675920349,96.25709533691406,3391600,71.64540564174098,72.14327239990234,71.49221137479613,72.14327239990234,4030600
2025-07-17,97.6728782224273,98.54434636814642,97.63414515566113,98.44751739501953,3936700,174.1478041385229,176.4922799754204,173.51102747104517,176.34756469726562,3797100,148.37953633240028,150.66745246963094,148.2263668537211,150.4759979248047,2233000,95.77284826627279,97.40957946648932,95.56946864672187,97.17713928222656,3237400,71.97091922849168,72.52623738669352,71.85603085417637,72.44007110595703,3125500
2025-07-18,98.29260875409503,98.33134182726016,97.47922899278402,97.80845642089844,4997400,176.6659673383838,176.6659673383838,175.35382806358896,175.7301025390625,5217000,150.4664199280601,150.50471960232807,149.65273443793893,150.15052795410156,1423100,97.02219066809604,97.46768995682532,96.78007100755367,97.43863677978516,1378700,72.44964641457271,72.55496563643347,72.19114024572612,72.53582000732422,2874100
2025-07-21,97.56637293217719,98.8154867445908,97.56637293217719,98.5927734375,4050100,175.88448143575144,176.55020123588596,175.69152280195306,175.94236755371094,3591800,150.1983751347008,151.05994248962122,150.09307294488983,150.581298828125,3396200,97.47738533533352,97.72919187320855,96.9640927923275,97.38053894042969,2428000,72.66028289280457,72.92836552130603,72.59326223567922,72.7656021118164,7685500
2025-07-22,98.43784874721007,98.95104900093067,98.42816363273106,98.93167877197266,7767900,175.87481950645514,176.23180842788346,174.69776745338248,174.8328399658203,9537100,150.44729159995958,150.85891817142615,149.41341945298183,149.59530639648438,2039400,97.40958556356507,98.145624026418,97.1093521539931,98.02941131591797,4096100,72.95709469297994,73.53156587229361,72.95709469297994,73.4262466430664,5655700
2025-07-23,99.25121877414908,99.59012389732577,99.02850547173146,99.19312286376953,6141400,175.1994670573797,176.19321803949208,175.13193815816265,176.00025939941406,5356900,149.9494848768591,150.70573543082597,149.24108700314633,149.43255615234375,2271400,98.1456300327572,98.39743656909374,97.7388707433025,97.7776107788086,3101100,73.72304595616895,73.98155212402344,73.69432386026332,73.98155212402344,3376100
2025-07-24,99.15439071021567,99.4255148112614,98.87358149482466,98.8929443359375,3918100,175.76671204602127,176.40891019714653,175.1731679694611,175.21209716796875,5004400,150.4855833246656,150.4855833246656,148.7528953875858,149.03050231933594,4817000,97.81634489926282,98.08751774250119,97.45800513418021,97.47737884521484,2150000,73.92411149848367,74.3070898400102,73.91453503115183,74.04857635498047,5303800
2025-07-25,98.89294658489436,99.39646911621094,98.68960350448576,99.39646911621094,4770400,174.7061398406892,176.2629664600797,174.50179864494,176.08782958984375,5498000,148.37952507092186,150.22708246848816,147.97746617518789,150.1600799560547,6229400,97.48706524609227,98.24247741699219,97.20620554864641,98.24247741699219,4035500,74.18261481399276,74.38367677217259,73.89537927104823,74.32622528076172,2680700
2025-07-28,99.20280554132151,99.25122372743927,98.22482319242924,98.56372833251953,5904100,175.90295195287052,175.9905203874695,174.15150902518846,174.35585021972656,5199600,149.91118845926158,149.91118845926158,148.7528644653301,149.07833862304688,4615900,98.01003342609964,98.41680006222411,97.61296103397791,98.3199462890625,2157800,74.37410374456563,74.47942296153411,73.96240334315347,74.00070190429688,5289400
2025-07-29,98.69928950792607,98.95105077585168,97.5179566979419,98.09893798828125,7028200,173.46066467626795,174.6380131758488,172.97415359611125,173.79148864746094,8520000,149.3463893044616,149.6718780941143,148.96348021986992,149.39425659179688,2656100,98.53300818347712,98.80418100234002,96.29582503895315,96.8284912109375,4387300,74.22091056179694,74.3166606183771,73.69432177412477,73.81878662109375,3889900
2025-07-30,98.01179160000282,99.07692516951147,98.01179160000282,98.57341003417969,7177500,174.05421337494616,174.8034297681915,173.53851280416055,174.2390899658203,3160500,149.22014493222028,149.87796409353587,148.60101493753717,148.8912353515625,3993900,97.08030118418002,97.52580049200864,96.13119621195128,96.22804260253906,3598000,73.94325922912017,74.623042267753,73.86666210526481,74.21134185791016,3761000
2025-07-31,98.57341099171995,98.6605548594675,97.55668820919843,97.72129821777344,5732000,174.24881349193464,174.76451405872254,172.69197206761706,172.9936065673828,3947800,148.1463256790516,149.10404852611236,147.10154114440957,147.95285034179688,4743100,96.2474056863344,96.26677939714361,95.58883990803002,95.90843963623047,1889500,73.89538532277898,74.20176651814963,73.71346897703569,73.80921173095703,2807400
2025-08-01,96.83046629482926,97.13063837631817,96.35599907850653,96.91761016845703,5709900,171.49517286459698,172.99362060823196,170.76540617155615,172.69198608398438,3301000,146.95642696611196,148.2527278628066,146.13413839484784,147.93348693847656,6375300,95.00775620796556,96.14087448042145,94.72689650652757,95.94718170166016,1979000,73.1198614514988,73.47411038083634,72.84220234449928,73.2730484008789,3100700
2025-08-05,97.7890853327847,98.08926480028687,97.05317911183715,97.34366607666016,6217100,172.95469838256494,175.42616827115478,172.95469838256494,175.20237731933594,4276000,149.2007849338394,149.8586188209541,148.3591590635885,149.1911163330078,3695000,96.55731360498098,97.01249972986837,96.07307430427615,96.62510681152344,1450000,73.86666368384755,74.1921905101339,73.30176901422179,73.36878967285156,2370300
2025-08-06,97.54699957265889,97.94400798938187,96.95633319843728,97.83749389648438,7382100,175.9516084302516,176.91490576539042,175.2023771695881,176.8759765625,5036300,149.5587376853159,150.13916375140522,149.01698602458637,149.67481994628906,1794100,96.85755472440756,97.21588710662206,95.84064915622356,96.07308197021484,2546800,73.53156337013432,73.76134745121793,73.11028646756085,73.17730712890625,2958400
2025-08-07,97.94400398477323,98.16670988803318,96.84013741949396,97.0628433227539,3666900,177.09002920384174,177.85871016050163,176.70082628730452,177.206787109375,3228600,150.13916488940686,150.429385305263,149.50068292676804,149.78123474121094,1331400,96.12150656574904,96.82849923543682,95.68569412630292,95.87938690185547,2169200,73.27304287026298,73.57942405060176,73.09112653344499,73.43580627441406,2656300
2025-08-08,97.27587378425729,97.70193014843274,97.15967457923378,97.56636810302734,2230900,177.57654035375424,178.08251602319416,176.99272113154362,177.45004272460938,3030200,150.13915086678327,150.52611630552434,149.66513850100588,150.14883422851562,1303300,96.24740593953933,97.02219181802009,95.99560680960298,96.7994384765625,1626000,73.52198594145248,73.95283200093819,73.48368737765533,73.75177001953125,1579200
2025-08-11,97.624472207335,97.92464427770678,97.07253886539894,97.58573913574219,6613400,177.62519490968006,179.4252769632668,177.57654083317453,178.90957641601562,3495600,150.30360743337323,151.0001304701828,150.2552496690239,150.3616485595703,4475800,96.84786592225684,97.37084528490573,96.838179066771,97.13841247558594,1486300,73.72304884411223,74.15389490898184,73.72304884411223,74.01028442382812,6261100
2025-08-12,97.66320310902381,98.21513643869689,97.57605185298183,97.74066925048828,4785400,179.38638563279585,180.95295207563274,179.33773155004607,180.71942138671875,2662000,151.0968714338242,151.42578098085812,150.58415515132367,150.9807891845703,2866100,97.38053651402844,97.79698265175415,97.1384168383485,97.55486297607422,1448600,74.21133890454135,74.60388636544636,74.17304034413782,74.40282440185547,2379400
2025-08-13,98.52499835429117,99.34805583108655,98.2345040036207,99.31900787353516,3753400,181.41997460211823,182.23730963446093,181.21564826760232,181.9843292236328,2472700,151.6869893113161,152.63502884291793,151.62894818343352,152.6156768798828,1612100,97.77760111566188,98.12625401185394,97.43863507461558,97.73886108398438,1754900,74.6326196044208,74.7666609334977,74.53687684146652,74.69007110595703,2884400
2025-08-14,99.28995861629961,99.75474070619461,99.251225544212,99.72569274902344,3143600,181.62432298257193,183.54117785756023,181.47836074785,183.52171325683594,3227300,152.6156631303016,152.847842382137,151.36773470958744,152.4608917236328,1202700,97.75824312031652,98.78482818603516,97.5258029104546,98.78482818603516,2061000,74.67090601745672,74.9006973767927,74.46026759041709,74.89112091064453,2167500
2025-08-15,99.73537174458352,99.84188583939462,98.79611511992792,99.10597229003906,2877600,183.50225654666605,184.31959164654958,183.20062203460003,183.41468811035156,2170600,152.33513604395966,152.67372896313123,151.52253075141473,151.59024047851562,2259100,98.881664463648,99.22063049888847,98.70733801853784,98.77513122558594,1817500,74.9294311717725,75.2741109598995,74.89113260590234,75.1304931640625,2380900
2025-08-18,98.9704127667284,98.98978299586734,98.55404149117547,98.84453582763672,3441500,183.04494840027843,183.395237018481,182.72384926299762,183.32713317871094,2019000,151.0098130552148,151.21295699585957,150.50676536205737,151.03883361816406,1451500,98.68797302246094,98.8041857281577,98.1456199698892,98.68797302246094,969900,74.99645696713505,75.22624107337337,74.91985983015392,75.18794250488281,2265400
2025-08-19,98.87358221164594,99.00914426315161,98.43784810146022,98.4668960571289,3240200,182.98654148086376,184.02768229847428,182.98654148086376,183.9303741455078,1288800,150.9421019695251,152.05459634461647,150.9421019695251,151.7934112548828,1050700,98.54270408461599,98.91072331701436,98.12625796344419,98.18436431884766,973300,75.12091520815486,75.56133774987954,75.12091520815486,75.22623443603516,1869700
2025-08-20,98.77676000858833,99.38678928222595,98.69929386310406,98.99946594238281,2991100,183.96929998835043,184.56282923034,183.706579857847,184.2417449951172,1533800,152.17067564126503,152.49958518639295,150.96143634780492,151.31936645507812,1491700,98.18436570350909,98.62986500866536,97.92287971159999,98.28121948242188,1255700,75.3985662001437,75.55176044407791,75.21664986164772,75.36026763916016,3969100
2025-08-21,98.82515875732426,99.24153000405389,98.61213057700994,99.20279693603516,2591600,183.86228335573654,184.91313427717506,183.7844397972706,184.30014038085938,3947800,150.83568162926127,151.69665947792564,150.83568162926127,151.41612243652344,2161600,98.03909044285902,98.53300920135945,97.9034966431217,98.39742279052734,1279500,75.31240911745994,75.55176967432239,75.23581198613486,75.35070037841797,2986300
2025-08-22,99.33836953967075,99.8031590177238,99.19312975363367,99.61917877197266,3646200,184.7379871203704,186.06129784633237,184.1736324882693,185.5066680908203,4241400,151.80307254207503,153.54438019585007,151.54187270370306,153.50567626953125,1803000,98.62018389064586,98.88166987817675,97.93256492753267,98.02941131591797,2283400,75.46558198379915,76.39430193975932,75.388984866777,76.3081283569336,6312200
2025-08-25,99.34805757704211,99.35774269225553,98.48626701250689,99.03820037841797,4651000,185.28287136875642,185.5358517764336,183.64820132443126,183.784423828125,1943000,153.04132767065028,153.6507890206158,152.31578406782367,152.63502502441406,2611000,97.81635210822645,98.0681586478939,97.26431952554816,97.50643920898438,1385300,76.3177103568438,76.35600891813208,75.86771139258624,76.14537048339844,2652600
2025-08-26,99.11566202559925,100.897338989914,98.91231894081842,100.79082489013672,7483100,183.66766171929507,185.59425632949058,183.4535956514956,185.25369262695312,4230900,154.78263986653272,159.81307270995046,154.2989441169498,159.77438354492188,4357300,97.58391822284173,98.93010305703677,97.33211168590483,98.85262298583984,4316300,78.14643508706504,81.41130919451977,77.97409519867095,81.36344146728516,13322500
2025-08-27,100.66495588037685,102.16583112271758,100.66495588037685,101.68167877197266,7537800,190.62480061006312,199.0803666951472,190.57614652608044,194.67257690429688,8300400,159.86144809177796,161.15774918111458,157.9750375869638,158.8650360107422,3234300,99.10442877059117,101.16728577543542,99.0753755913394,100.53777313232422,5621600,81.2964184184312,82.71342874388473,81.2676890172888,81.50704956054688,6757600
2025-08-28,105.18693112497962,105.2353493123521,96.84014979740545,97.09190368652344,13096600,195.38285769066542,195.80125010353078,193.70925834492343,195.35366821289062,2969400,159.61959958585547,159.61959958585547,157.72350572613988,158.6812286376953,1632600,103.62721717790068,103.7531167443724,100.00510903889386,102.57157897949219,5434300,82.16767883300781,82.25385241846436,81.63151360689007,82.16767883300781,5074400
2025-08-29,97.53733024576862,100.00650266061422,97.24683589692646,99.85157775878906,9560500,194.76012491495277,195.40232312301106,193.73844864706737,194.19577026367188,2244800,158.16849718879837,160.94490584093745,157.99437381856407,160.77078247070312,3300600,102.4166161947694,103.0558156439363,102.18418339002947,102.74589538574219,3911200,81.68897354486727,82.42620087292718,81.68897354486727,82.11981964111328,4559300
2025-09-02,99.2512252324979,99.61917833480734,98.62182574131279,99.49330139160156,3117200,192.75569542612914,194.40983012519365,192.24971974680284,194.14710998535156,1757300,159.5325438180632,162.31862144032485,159.5325438180632,162.270263671875,1784300,102.17450421476211,103.21077614204752,101.69995171431714,103.11392974853516,1947000,81.72726690076095,82.15811296953497,81.44960778577386,81.97620391845703,3688300
2025-09-03,99.73537408988848,100.26794457646757,99.63854510712261,100.05491638183594,2927800,194.7795829322679,195.56774341039898,194.19577850238016,195.54827880859375,1598800,162.5217775374415,164.9886288987366,162.49275697235052,164.9305877685547,1667400,103.57879754272105,104.78939595901701,103.23983146393944,104.77971649169922,2625700,81.87088269187599,83.05810894736264,81.86130622477816,83.0389633178711,3741700
2025-09-04,100.29699253253955,100.45191742744939,99.88062125782622,100.05491638183594,2402600,196.32668447271087,196.79373095015237,195.53853890229712,196.2780303955078,1710400,165.25947858606102,167.58121209710427,165.1143610158573,167.48448181152344,1939500,105.24458059714095,105.99031334839368,105.07994098828482,105.97093963623047,2420000,83.05811262584484,84.19747120571056,83.03896699550538,84.11129760742188,4226300
2025-09-05,100.12269559737956,100.5100189090145,99.48361102504526,99.89030456542969,3240900,195.96668641569883,196.90079436184936,193.82604031273388,194.8185272216797,2511300,168.5389330778974,169.8836065509133,167.45545941941597,169.0226287841797,1968300,106.12589548000867,106.5326547520883,104.52790418094615,105.00245666503906,2883300,84.37937867816841,84.67619072814774,83.7187485256303,84.1208724975586,3676800
2025-09-08,99.85157001263808,99.95808410644531,99.2512185191407,99.95808410644531,2723500,194.76983339714963,195.07146787480931,193.9719629898375,194.38063049316406,2435600,169.1290493029344,169.719158679028,168.35513318918868,169.66111755371094,1324400,105.20582805101036,105.39952820507716,103.99522979648793,104.50852966308594,2957100,84.00597978514635,84.59959660146967,83.5942793312634,84.54215240478516,3494600
2025-09-09,99.81283543702719,101.28465511207801,99.81283543702719,101.12973022460938,5642800,193.87465827226953,195.090935927679,193.79681472066662,194.31251525878906,2038500,169.22579532626736,170.5414484135999,168.56797616321282,169.583740234375,1522300,104.11145332105693,105.25425840655592,104.11145332105693,104.799072265625,2743600,84.74321348852844,85.03044177357337,84.35065866951787,84.59001922607422,3354200
2025-09-10,101.35243984714172,102.2723336418662,101.22656290974012,101.90437316894531,3511000,194.16657298081745,194.8768749930411,194.0984543036978,194.54605102539062,1848800,169.63211214455941,170.0674353845476,168.91623709218052,169.39993286132812,2312500,104.93467212403857,105.99031781422553,104.80877254529794,105.83535766601562,2796700,84.59000549656412,84.96340731981012,84.5229848437944,84.80064392089844,3632000
2025-09-11,102.64028962400168,103.0372980638678,102.01089014407476,102.8726806640625,4339600,194.9352671377152,195.5190864060145,194.70175130810804,195.40232849121094,2328600,169.57404492063762,170.47372666696498,169.3321970522259,169.6417694091797,1388700,106.00966640848874,106.63917897472085,105.87407999593478,106.56169891357422,1808300,84.87725217303625,85.29852177225949,84.53257239795089,85.087890625,4721000
2025-09-12,102.69838825997148,103.01793056576338,102.63060723034091,102.95014953613281,5502900,194.84769956734536,195.28555659694493,194.15684725835962,194.2444305419922,2879800,169.48699941651813,170.14483335725612,169.01298699634583,169.22579956054688,928500,106.5810733716945,106.77476613701583,106.03872032876511,106.13556671142578,1782700,85.02086748169103,85.08788814129551,83.91980752701394,84.00597381591797,3835600
2025-09-15,103.0469769788748,103.57954748054708,102.76616774959106,103.56986236572266,3902200,194.44874412024606,194.89634084481324,193.89412921175742,194.84768676757812,1905300,169.1580821225648,170.45438321931442,168.7614480558625,170.3092803955078,1137000,106.1355609192722,106.40674112039041,105.84502178714584,106.20336151123047,2295800,83.96767412316127,84.4368260387861,83.66129292556137,84.4081039428711,3806400
2025-09-16,103.6085919036365,103.79257214113514,102.59186912151362,103.6860580444336,4513800,194.49740400775275,195.8499042513091,194.1568403040731,195.596923828125,3065200,170.24154309717653,173.01796659401322,169.4386064229934,172.7954559326172,2211900,106.24209529316937,107.01688109831193,105.91281612877206,106.85224151611328,2558900,84.25490789729241,85.3751134423434,84.14001221137546,85.3368148803711,3553800
2025-09-17,103.6085915119279,104.9448491915257,103.6085915119279,104.55753326416016,2524200,195.74285612238754,196.5407413793584,195.44122164377535,196.0834197998047,2048900,172.73741480746068,174.67219770586186,172.5245875077388,172.7954559326172,1694100,106.96846459113372,107.59797719526483,106.81351184841705,107.01689147949219,2457600,85.25064907676375,85.88255709112248,85.09745482800781,85.20277404785156,2599800
2025-09-18,104.50911824612325,105.03200362900373,104.14116514894573,104.76087951660156,2176000,195.69423483203283,196.90078779575413,195.36341082246366,196.20021057128906,1562000,172.72775103213894,174.9043818536442,172.03122798835946,172.69873046875,2584100,107.08468861581042,107.82073449019057,106.89099583308692,107.46239471435547,2540800,85.06873927661232,85.59533541634049,84.93469795099139,85.38469696044922,2539300
2025-09-19,107.58832616801132,107.58832616801132,104.7318305139869,104.95453643798828,12175500,201.31827158767607,201.31827158767607,196.33640306212536,197.6597137451172,7750800,175.0978567962565,175.0978567962565,172.51492333198993,174.00469970703125,5180700,109.92232031497677,109.92232031497677,107.29774421438914,108.98289489746094,7837500,86.16979013459665,86.16979013459665,85.11660527167008,85.78681182861328,7138000
2025-09-22,104.87707492948688,106.1261888222619,104.58658796522786,106.08745574951172,5213900,197.75704503296976,200.131206822534,197.52351435083543,199.95606994628906,3250600,173.60809533287951,174.2078733746926,172.96961336249697,173.29852294921875,2576500,108.74077968654721,109.29281221157525,108.55676638190268,108.8473129272461,5601400,85.62405451537425,85.89213715722757,85.24107618213918,85.2697982788086,7619400
2025-09-23,106.12618752111423,106.34890083980268,105.4580623402052,105.49678802490234,3468500,200.00470416349668,200.78312484615861,199.33331651029,199.50845336914062,1942700,173.52100924938043,175.2139443804096,173.1340585524915,174.8753662109375,1488100,108.92479141638414,109.9320100663988,108.90541770622504,109.51556396484375,2903100,85.2123535059512,85.69107459306328,85.2123535059512,85.31767272949219,2175800
2025-09-24,105.80664846249965,105.86475176648474,104.83834378863644,105.14820098876953,4095000,199.57658203801518,200.46203579446504,198.8760048732571,199.24575805664062,1743800,175.3397111424391,175.52351789108755,172.40851604879023,172.63101196289062,1618400,109.26376709095473,109.91264604930457,108.61488813260489,108.6342544555664,5436600,85.42299511148077,85.73895279378601,85.22193312402408,85.29852294921875,4332400
2025-09-25,104.86739536242372,106.55224336582117,104.81897717544076,106.47477722167969,4543100,198.38950029364665,199.06088800251794,197.65000874973353,198.3505859375,3413500,172.19567082276384,174.7012110296828,171.7700162409571,174.5851287841797,2119600,108.40181643552398,108.81826255382823,108.1306435936339,108.45992279052734,3365900,85.12618569816692,85.97830863365112,85.04958857246623,85.94001007080078,6092600
2025-09-26,106.75558038191222,107.14290369301293,106.17459910905,106.85240936279297,2800300,198.39921041747456,199.02194399949897,198.0002826198584,198.13650512695312,2145400,175.0978551172948,176.5586109150068,174.7979661250221,176.06524658203125,1456400,108.53739695053369,109.23470272825408,108.48897006472879,108.89573669433594,3754700,86.15065009491829,86.50489902455219,85.86341452062217,85.93043518066406,7195100
2025-09-29,106.95892602827229,107.62705857128688,104.18957426058422,107.58832550048828,9934500,198.30192877473925,200.10201094957472,198.27273929629774,199.17764282226562,2485200,176.06524928189833,176.93589570902313,174.73992767847747,174.8946990966797,1561200,109.28650497603189,109.41350010550119,108.07513585855753,108.2998275756836,3862700,85.34639596788155,86.47617804077046,85.34639596788155,86.36128234863281,7773900
2025-09-30,107.762622431651,110.61911811583417,107.49149831909398,107.75293731689453,6213400,199.23601513418174,199.7906449003534,197.78622159613877,199.5863037109375,3209600,174.8946955266266,175.5041568699068,173.3081741229643,175.4364471435547,1871900,108.33890795917497,108.71990081217685,107.20569309666438,108.6417465209961,3084900,86.26553650634057,86.48575141555429,85.2506501618778,86.16021728515625,4663100
2025-10-01,108.0724812377024,109.04078587569808,107.7916720061743,108.57599639892578,8010100,199.33333625215536,200.71502604833083,199.30414677278935,199.7128143310547,2358800,175.41708617623033,176.67469796168672,175.3493616921326,175.89111328125,1408200,108.84689636364408,109.9801112305086,108.7589783756305,109.5502700805664,3426200,86.16979574619113,86.49532257941877,86.10277508613225,86.23681640625,5164400
2025-10-02,108.83744416266713,108.83744416266713,106.9298828197138,107.61737823486328,8444700,199.5960550735916,199.85876038612207,198.39922703905555,198.92466735839844,3331500,176.2297138426164,176.2297138426164,174.9624332958416,175.92982482910156,1826000,109.3939619672184,110.20478846666056,108.71989428933233,110.09732818603516,2805000,86.33256316326035,87.00277709960938,86.02618194526504,87.00277709960938,6918600
2025-10-03,108.4501229520758,110.46419843706173,108.25646497326414,109.6701889038086,25084000,199.11925605469318,199.76145424949652,198.73005312597962,199.52792358398438,2155100,174.08210155782848,174.54644535558253,170.34796968975309,174.1498260498047,3908400,109.91172571109357,111.44546824551355,109.59911600513546,111.02539825439453,3567700,86.9644745697543,87.5102163177013,86.71553755876147,87.15596008300781,10480100
2025-10-06,110.05750596246119,110.05750596246119,108.30486958774044,109.70891571044922,9501500,200.56906384203515,200.68582175087815,198.23380173519547,199.4987335205078,2926800,175.03980941352398,175.0978505380947,172.33111043085603,174.5948028564453,2598700,111.50408164175848,111.52362394105404,110.13641136600108,111.25008392333984,2682300,87.54851022800652,87.57723232299753,86.36127673388427,87.2708511352539,6687000
2025-10-07,109.56366411912612,110.24147436647357,109.15697797071765,109.36032104492188,10285500,199.88794284933516,199.88794284933516,198.03920661346356,198.11705017089844,3127500,174.8753629342601,175.47514093156664,173.40492374343285,173.7725372314453,1638700,111.36731535950307,112.0316119246879,110.98632250847683,111.25008392333984,4083300,87.2611661846891,87.30961863709865,86.6506120480007,86.84443664550781,6685700
2025-10-08,109.39905676142769,109.7089139373663,108.64377296922314,108.77933502197266,10929300,198.8468194395568,198.85654431668667,196.57967590848511,197.04672241210938,3392700,174.13046186768912,174.46905478136517,171.0541641267466,171.6732940673828,2523600,111.45523345961374,111.57246489589569,109.48188606135608,109.61865234375,2439600,86.92196351136889,86.98980285526112,85.49732989569807,85.69115447998047,8848700
2025-10-09,108.93426423709288,109.06014117179447,108.16930273949642,108.46947479248047,10970000,197.23159030840938,198.5840905268385,196.6964251470583,198.3116455078125,2319700,171.77003747290746,171.8764511315126,170.88003903785682,171.64427185058594,1780000,109.72611350979699,110.3415617855023,109.36465550159983,109.5502700805664,3664000,85.69115627350082,86.53430876003773,85.62331692818871,86.44708251953125,6106100
2025-10-10,108.7529513557474,108.79205092016413,107.03260780880841,107.3062973022461,19097300,199.0219548026085,199.1873816425471,195.40232586802307,195.77206420898438,3328500,171.9925228284617,172.67937726658877,170.09644381495622,170.24154663085938,2638300,109.9410370046459,110.50764445312646,109.11066813191609,109.23766326904297,2801200,86.66998539937251,87.04794851344217,86.00127801574132,86.09819030761719,3604600
2025-10-14,107.30630128181,109.0266448925497,107.09125739828256,108.99732208251953,13912700,196.08344416779298,199.07061469674633,195.71369096889114,198.68141174316406,2513400,170.35763024255073,173.69512759675914,169.80621006305495,173.4049072265625,2388100,109.15949460283132,110.58577673303088,108.87619091589266,110.29270935058594,1988900,86.10788675714578,87.34838188184837,85.76869002678713,87.3290023803711,2853400
2025-10-15,108.94843469220288,110.41463470458984,108.83113600651951,110.41463470458984,10260000,199.06088244823886,200.7733961665843,198.87600585563388,200.73448181152344,6296600,174.09177081175258,175.68796079036417,173.83057098864853,174.2562255859375,1902400,110.6346408276807,112.32469204202974,110.42949139470255,112.21723175048828,3842100,87.41622630393039,87.92018209881294,87.33870089958542,87.794189453125,4720000
2025-10-16,110.24847286701912,110.44396322913268,107.7559297339351,108.23489379882812,8010700,200.52040269177402,201.24044441423592,197.9126956581835,198.6911163330078,3282400,174.27556245166414,174.9817688327275,168.03589060014951,169.63209533691406,2420800,112.12929295073411,112.2953652167167,109.73587573118797,110.08756256103516,2406400,87.68759350522097,88.14308207126521,86.99949914401765,87.13518524169922,3029100
2025-10-17,107.89277926904789,108.88002279375459,107.68751214247158,108.55745697021484,6739900,197.49433017194772,199.63497618397082,197.13431668524345,198.75926208496094,3746000,169.63210883580675,171.2282989383701,169.2064542054637,169.34188842773438,2340100,109.75541363027465,110.0680233262604,109.33534365255602,109.9214859008789,2682900,86.92196864519423,87.1254866888912,86.53431205979955,86.56338500976562,2311900
2025-10-20,108.88001533751508,109.76951361591144,108.39128198652256,109.54469299316406,5439700,198.76898619651595,201.16262749020075,198.66195315397027,200.6469268798828,3515100,169.92230427039712,171.22828864762212,169.91263566982425,170.73492431640625,1072200,110.20479032484394,111.10354972824719,110.19502662877008,110.72254943847656,2776400,86.62152983535394,87.31931020162311,86.62152983535394,87.0964126586914,2671400
2025-10-21,109.08528611784988,110.16049803468984,109.08528611784988,110.10185241699219,3457400,201.08476278134816,201.40586187521802,199.84902048320782,199.89767456054688,4464900,170.53177889655234,171.32504704197763,169.87395973702994,169.9223175048828,1490100,110.74209559795487,111.00585701200391,110.22433646627104,110.5955581665039,2643100,87.20302225245065,87.57129195360002,87.16425585328736,87.49375915527344,3093600
2025-10-22,110.0627463154327,110.6003559706606,109.96500113924917,110.5612564086914,6428800,199.46954913836197,200.24796986052513,199.33332662551896,199.73226928710938,6498900,169.93198675212133,170.61882641979284,169.60307719968085,170.02871704101562,2422400,110.70302151786278,111.09378552815049,110.40994664684611,110.79094696044922,2491000,87.40653397354328,87.66819790653028,86.86381181849002,86.96073150634766,4269400
2025-10-23,110.61990660959252,111.196615850702,110.52216142935612,110.59058380126953,4769100,200.0436402968093,201.16262478969998,199.6252478570192,200.77340698242188,6966600,170.27056998876176,170.94775583735102,169.9610123893467,170.37698364257812,1561500,110.96678265310456,111.61154438639738,110.93747665671917,111.4063949584961,3533200,86.9607339247914,87.61005444546481,86.9607339247914,87.39684295654297,6504700
2025-10-24,110.76652222497286,111.06953450485402,110.55147836538796,110.79584503173828,5642900,201.31828810949324,201.9507614505056,200.98746412338002,201.30856323242188,5018700,170.8896863583676,171.4991476691399,170.69621102896699,171.45077514648438,2030200,111.72876725477674,112.63729033905167,111.72876725477674,112.59821319580078,2833500,87.65850376261213,88.08492672520923,87.64881770905056,87.88140869140625,4022500
2025-10-27,111.06953212256664,111.68534088134766,110.94246414348228,111.68534088134766,5294600,201.74969729735497,203.39662639732882,200.3380352353865,203.36721801757812,5279400,172.9212294552919,172.9212294552919,170.9090533775563,172.234375,6602200,112.82290219626888,113.50674105210476,112.53959848569158,113.41881561279297,4655800,87.95894431696401,88.5113525390625,87.86203202068843,88.5113525390625,7125500
2025-10-28,111.64624958322504,112.95605140411337,111.27480745806388,112.692138671875,8090000,203.41624364159,204.2397082185847,202.3672948677993,203.71034240722656,7077400,172.95025028910382,172.95025028910382,171.0057986982626,171.7119903564453,6189700,113.41881866222018,114.42503094737727,113.01829095939614,114.1221923828125,2186900,88.51135207437959,89.31573817771897,88.32721353666872,89.02499389648438,7841800
2025-10-29,112.45754571308781,112.73123519320214,111.10863690755431,111.46052551269531,5902800,203.5926963572883,203.71034484003872,200.21059790828852,200.52430725097656,7226300,172.61163160263615,172.61163160263615,169.44827251424445,169.9706573486328,3275400,114.00495415414099,114.20033987222465,112.16837312337299,112.67636108398438,2174000,88.966845357143,89.08313715103776,87.68758386676276,88.28844451904297,4116900
2025-10-30,111.43119988468061,112.60415690047519,111.39210032315695,112.05677795410156,5399900,200.54392358998444,201.700693167812,199.32832228984793,200.10276794433594,5091900,169.65821305078342,170.51749394801467,168.33024025481092,168.97470092773438,4107000,112.71543506469472,113.34065443861203,112.4321313713255,112.58843994140625,1837700,88.20122829156531,89.07345374133489,88.20122829156531,89.02499389648438,6105800
2025-10-31,111.96881580988766,112.96582858344999,111.52895131120016,112.56507110595703,4977900,200.35764886742325,201.66147523738678,199.4949631589399,201.4261932373047,2342800,168.96492927333998,170.39055306390065,168.43765274225134,170.1269073486328,1565300,112.58843895273051,113.73141741189846,112.14883414634369,113.5262680053711,1298100,88.84086191208301,89.1800586692546,88.46289875495829,89.15098571777344,3216300
2025-11-03,112.42821935925197,113.86509663731735,112.3695737421813,112.5846176147461,8751400,201.63205414373525,203.5534864362554,200.96544424047357,203.14175415039062,3205500,169.1895182878113,171.51345946683577,169.00399037910023,171.35723876953125,6312700,113.56535961486318,115.31402282073671,113.56535961486318,115.11863708496094,1987700,89.05407131445435,89.53864021153765,88.68580161448749,89.50956726074219,5498700
2025-11-04,111.83196653631222,112.53573628224615,110.88382266268538,111.00111389160156,4917700,201.64187543131428,202.90648072288025,200.6615561496868,201.35757446289062,2904900,171.103350256287,171.33770364875147,168.0568306514809,168.6524658203125,4377600,114.258957952243,115.0502496563575,113.0866733940583,114.69857025146484,1521100,88.860242588263,89.86814673468108,88.5113524070439,89.81968688964844,4906600
2025-11-05,110.99134850530767,111.66579546777882,110.43419277588583,111.28458404541016,7091300,201.25956001043963,201.82814701281725,200.45569098547912,201.59286499023438,3519700,169.45316639218422,170.07809394353075,168.2423776423899,169.13095092773438,3028500,114.91348073731407,115.24563274154357,114.16126619615258,114.90371704101562,1748500,89.86814945581249,90.32363800081356,89.38358056655075,89.54833221435547,4480100
2025-11-06,111.7146673904392,111.80263581176453,109.75973403676798,110.9815673828125,5344500,201.10267454653922,202.11240209802875,200.34782459497015,201.21051025390625,3969200,169.6093856959224,169.99020065310268,168.41811533767716,169.58009338378906,2421900,115.12840061166135,116.29092143963709,114.88417404801625,115.98808288574219,1597300,89.63554421895789,90.12980651855469,89.37388029207365,90.12980651855469,3320100
2025-11-07,110.59058790121969,111.02067565917969,109.73041984277921,111.02067565917969,6399000,200.5635057662472,200.70074985880123,197.7892005767412,199.9949188232422,2854000,169.0625826294579,169.4531567395079,167.3928462751826,169.29693603515625,2452500,115.5973120877714,116.1736831665039,114.31755990143502,116.1736831665039,2399700,89.6452407023382,90.6725243378412,89.45141611244735,90.65314483642578,4519900
2025-11-10,111.26503841518209,111.3921064039614,110.36577082348404,111.15751647949219,7881600,200.35765219037097,201.98497076952063,200.2302059017356,201.78890991210938,5716900,169.5800982968046,171.65016787791714,169.5800982968046,171.59158325195312,3577400,116.45698893465698,117.5511265780359,116.30068781600451,117.30690002441406,1686700,90.66284027039097,91.32185424196572,90.64345337461666,91.3024673461914,5121700
2025-11-11,111.1086377767193,112.23272597096422,111.1086377767193,111.7733154296875,4899600,202.1908307817169,203.3868213774438,202.15162459626777,202.73980712890625,2058600,171.7087714202975,172.10910467356595,170.7713726846026,171.2595977783203,1151600,117.13106483779674,117.64882397534251,117.10175884181542,117.34598541259766,1931900,91.08925386064728,91.37999813941771,90.61437843966077,90.65314483642578,2726700
2025-11-12,112.21317515345649,113.46433128062745,112.1545220829787,113.27861022949219,3098200,203.04372049221496,204.6514434814453,201.96537828052126,204.6514434814453,1919300,171.85522715305234,173.22225140926378,171.3962943885856,172.71450805664062,2903600,117.61951551529432,119.1923351944384,117.46320693573062,119.07510375976562,1859900,90.92449436045412,92.06807708740234,90.87603452020312,92.06807708740234,4242500
2025-11-13,113.02447203530701,113.4936593334239,111.16729126802039,111.64624786376953,3737200,204.1514969401626,204.94555319036564,200.63215419639272,201.79873657226562,3160800,172.2262949645943,172.851222510843,169.6875184270194,170.09762573242188,1873700,118.79179343719058,119.47563225491398,117.56088952785079,118.13726806640625,2907200,92.01963092440471,92.40728752223103,90.90512837231411,91.50598907470703,4185900
2025-11-14,110.89360125661008,111.69512370380647,109.99433362462965,111.48008728027344,4770500,200.18118528219222,201.494809470251,198.79893156744396,201.41639709472656,3134800,168.92587116658234,169.82420349121094,167.07062189389555,169.82420349121094,2652100,117.2873652316854,119.46586950880658,116.84776038831643,119.44632720947266,2653400,90.95358387309818,91.85488235081885,90.42056250292168,91.72889709472656,3325200
2025-11-17,111.33346511866047,112.54552180929917,111.22594317878742,111.88084411621094,4751500,202.42610926737734,203.93579419602668,201.61244256741318,202.85743713378906,4160700,168.79894101050124,169.6386887770082,166.85581465155138,167.636962890625,2861700,119.12394688504114,119.72962397156013,118.71364060809248,119.23140716552734,1991600,91.77734543058165,92.32975367316902,91.25401753249638,91.73858642578125,4039500
2025-11-18,111.42142702369178,112.64326039845915,110.31689233759455,112.34024810791016,4332900,201.79870907788575,204.72005604433951,200.57331010354466,204.27891540527344,3754200,166.4652078128135,167.09013527684374,165.4106399236163,166.19180297851562,1690200,118.42058455666806,118.6745822851645,116.60353821666214,117.21898651123047,2780200,91.27339189309018,92.28129602161546,90.83728287127542,91.87425994873047,4162300
2025-11-19,112.34024877824191,112.74100624966779,111.63647155697983,112.08610534667969,3304400,204.14169662914702,204.76910038345943,203.03393103228078,204.4063720703125,2339100,166.51404568989417,167.3928448799052,165.82077441541702,167.17803955078125,1348000,117.27759456435308,117.38505484469209,114.7962518738754,115.4605484008789,3213300,91.69011523203332,91.80641441384586,90.49807264873913,91.12801361083984,2972300
2025-11-20,112.64326476184824,113.35681876164367,111.63647521523724,112.07633972167969,3154800,205.131804689697,206.62189414989274,202.975105314286,203.8867950439453,2177100,168.32049696818532,168.68177878879519,164.94197258545714,165.14703369140625,1778200,116.45699879492363,116.554687934003,113.95612105911471,114.30780792236328,1891500,91.58351032540237,91.68042261415575,90.22671610105412,90.70159149169922,2464200
2025-11-21,112.4966410912655,113.19064902422093,111.88083974309124,112.9853744506836,3276100,204.77889401437986,207.58260775644266,204.14169246510951,207.2198944091797,4826500,165.98677329670105,167.0120340774757,165.3813640467851,166.6214599609375,1402400,114.63017207566952,115.73408087237804,114.16126126468784,115.71453857421875,2268900,90.86636224525184,91.09895324707031,90.30426054641708,91.09895324707031,3996800
2025-11-24,112.98537375708776,114.29518303017677,112.7605605893239,114.08013916015625,7345500,206.85716444124756,208.68055888763644,206.2199628970974,207.2296905517578,5735100,167.30495691483293,168.83799072683556,166.22109670554428,168.53529357910156,2448900,115.66570570853158,116.31045998137766,115.48009112923788,115.861083984375,5051500,91.0892536130737,91.47691018573593,90.72098393570833,91.0601806640625,6808700
2025-11-25,114.08014047836062,114.49067471270035,112.99515181797754,113.42523956298828,4125500,208.52371952647644,210.5627704546135,207.62181263018482,210.49415588378906,3379200,167.89084168898734,171.0252383363945,167.89084168898734,170.50772094726562,1986400,116.54491915890421,117.31666854124481,116.37883943118227,117.00405883789062,1965400,91.58352129727776,92.75617713772736,91.57382784906102,92.72710418701172,3428700
2025-11-26,113.7966770107456,114.68617533100307,113.54254102565442,114.5102310180664,3689000,210.58237380298803,210.9941060892625,209.8961533258639,210.82745361328125,2317800,171.1228877146604,171.9528762967356,170.71278044216515,171.923583984375,3066200,117.59997453520893,117.74651196689258,117.03337456094397,117.5218276977539,1940100,93.17290057640164,93.89006042480469,92.84339729797709,93.89006042480469,2411700
2025-11-27,114.63729270625959,114.83279051959329,114.36360322507144,114.42224884033203,693200,210.5627698824296,211.49408515775593,210.25887330142203,211.1705780029297,422900,171.66970546131145,172.7438066297233,171.62087997193865,171.84547424316406,482700,117.37528491176435,117.84419572791771,117.16036434885946,117.17013549804688,520300,93.76407107140511,94.12265467685351,93.57993254510272,93.89974975585938,1989100
2025-11-28,114.41248385519525,115.29219794717832,113.98239610712933,114.99896240234375,2331400,210.97451023797598,211.97442509274222,210.0235993784258,211.88619995117188,1401900,171.86497564874958,172.90002526372916,171.2986328064028,172.74378967285156,1161700,117.37528476576794,118.03958129882812,116.88683165184732,118.03958129882812,1543400,93.95790535353926,94.04513159908662,93.57994220868132,93.9482192993164,5583300
2025-12-01,114.91097954917556,115.05760104143975,113.57185498161049,114.32450103759766,4762200,210.77844836197616,211.4058521187742,209.3079694046228,209.87655639648438,3058400,171.65994494698273,172.0993445489203,168.8087122039499,169.72657775878906,1836100,117.61951728949839,117.68790043078819,116.23231216436041,116.544921875,1792100,93.70592623784114,93.76407213357058,92.75616804196866,93.06629180908203,5617600
2025-12-02,114.81324437594274,115.55612119931573,113.53276531073735,115.53656768798828,5311400,210.76864109693335,211.954833984375,209.11189915262779,211.954833984375,3185100,170.24409477186944,172.22628744448804,169.7753879580626,171.64041137695312,3205700,116.906367891137,118.28380926635701,116.74029561919225,118.26426696777344,2885900,94.97549845325466,96.30321981793789,93.27950740944654,95.67327880859375,7206600
2025-12-03,115.53656202885043,116.14259407316511,114.77413918897402,115.0478286743164,3334900,213.3272779590044,215.92511805348252,211.30782264654437,214.33700561523438,3855300,171.61111567242756,173.03673946221977,171.61111567242756,172.85121154785156,2179700,118.26426434596343,119.24117056379745,118.00050294655753,118.46941375732422,2187200,95.64420653808064,96.19661475765463,94.2680253190932,95.05303192138672,7804400
2025-12-04,115.02828130398413,117.69676867046799,113.97261548048641,117.38397216796875,6961000,215.80747991037225,220.8267097025824,215.3859498113555,219.65032958984375,4734500,173.6616720681131,174.73575833631173,167.73461226932974,172.6559295654297,4027600,117.74650938528333,123.71540718248818,117.6976685445952,123.38326263427734,6040700,95.09180055929092,95.75081453799044,94.84951611703278,95.29531860351562,4632900
2025-12-05,118.06820977960865,119.48553358594404,117.79452028245252,119.4464340209961,3842900,219.3562197459105,221.04236997380684,219.10134213787367,220.29733276367188,1840000,173.0367531746865,175.34117633158465,172.85122524561595,174.04249572753906,2410600,123.27580199787634,124.0475588292934,122.22074145974645,123.23672485351562,2886100,95.08209967110659,96.19660949707031,95.05302672334008,96.19660949707031,3457700
2025-12-08,119.25093862163106,119.9938154093354,118.96747238082969,119.3975601196289,4066900,220.43458215072258,222.2579765126812,219.9542203440696,221.9932861328125,5337600,173.33943523686168,173.6616655751077,171.0740637314158,171.31817626953125,3724800,123.23672554799948,123.3637206779851,122.12305301365417,122.15235900878906,3777400,96.09001032639749,97.01068824028346,95.61513489457776,96.32260131835938,4803600
2025-12-09,119.55394787084468,120.78555798219216,119.39755707911426,120.68781280517578,3491500,222.0129010896249,222.95399919009887,221.55214984680453,221.58155822753906,2608100,171.80639304608562,172.55826379900472,170.9275939111021,171.1033477783203,2020500,122.2109687267953,123.30510639510851,122.13281443908654,122.50404357910156,2856600,96.29353117464105,97.05915091417435,96.29353117464105,96.95254516601562,3405300
2025-12-10,120.99083177633428,123.34653019722806,120.9419629138654,123.04351043701172,7435400,221.47371424504777,224.13038588728259,221.3070617742779,223.2677001953125,3482500,170.9959687589106,175.01895405573768,170.9959687589106,174.5502471923828,3869700,122.67011492368256,124.26246939440023,122.67011492368256,123.69586944580078,4003600,96.91378037728803,97.6406337301177,96.84594102678132,97.10760498046875,4050000
2025-12-11,123.07283631771227,123.60066177545139,122.24198365307593,123.58111572265625,7986100,224.01273817573673,225.5518465215806,222.93439601557327,225.47341918945312,3060600,174.56001493377505,178.036175431289,174.56001493377505,177.62606811523438,2269200,123.65679589971778,124.75092613839153,123.52979331615511,124.69231414794922,2455800,97.34020377751226,97.49526198190789,96.4776717201203,97.30143737792969,3320200
2025-12-12,123.69841681492598,123.8645843680897,122.54500578314847,122.96531677246094,3041100,225.6204677542637,226.44394728669036,223.39515384314518,223.7970733642578,2263900,177.7627483608654,178.58296289057375,176.7374727490067,177.03041076660156,1248600,124.83884684398977,125.17099883471022,124.14524432164184,124.88768768310547,1523800,97.38864549705875,97.82476189884161,96.92346354121099,97.07852172851562,3037200
2025-12-15,123.16080560627773,124.0600731907508,123.16080560627773,123.89390563964844,3083300,223.54218895806702,226.41453203075318,223.31671972743806,225.5714569091797,2496900,177.56748348429062,178.23146250091762,176.96207419915902,177.62606811523438,1119700,124.88769207203185,125.83529233197305,124.88769207203185,125.41522979736328,1670700,97.09791766498638,97.73754476232318,96.91377911860198,97.44680786132812,2577300
2025-12-16,123.5420152877393,123.81570476981454,123.19012668007711,123.26832580566406,5675800,224.73817125366313,225.4734106361724,224.2774200439453,224.2774200439453,2973300,177.09875431037872,177.6162716844011,174.6869213109402,175.34115600585938,1785300,125.23937672411253,125.75713583771437,124.99515016462463,125.15145874023438,2847100,97.06883774534055,97.5049467624905,96.98161150555012,97.12698364257812,5046100
2025-12-17,123.7081854813528,123.71796223662996,121.75325204475757,122.94576263427734,7862200,224.90484498326188,225.33618785514113,222.26778375530583,223.37554931640625,4005400,176.01489159993903,176.01489159993903,172.11886519369338,172.8609619140625,1507900,125.47383454644869,125.53244653334598,123.09018103658826,123.31487274169922,3285100,97.1560623751588,97.1560623751588,95.29531961344068,95.46976470947266,7247700
2025-12-18,123.6690817688359,125.3503331185806,123.16080237366391,124.61722564697266,3541400,224.18922354133977,227.14979202140708,224.11079620217075,225.82635498046875,2827400,173.78860454737466,173.97413247155293,173.04650775010944,173.49566650390625,1133500,123.96940577740494,124.97561803182204,123.8033335021174,124.33085632324219,3378600,95.8186508780555,96.545504182012,95.77988448123905,96.27413940429688,5732600
2025-12-19,125.0668574695444,125.78040396260478,124.82249080199352,125.10595703125,11977400,226.90469738816057,229.67898766797683,226.31649986202135,228.13009643554688,7701500,174.05225591883396,175.62434140698198,174.04249678019949,174.7650604248047,4272500,124.79977653201304,125.89390678909285,124.55554996345725,125.21007537841797,6564700,96.5358127459507,97.35957836214698,96.43890044885718,97.03007507324219,8368400
2025-12-22,125.36011177915175,125.99545920620085,124.84205559033717,125.09619903564453,5514200,228.39479190334606,229.62019105827204,227.23802228116912,228.96337890625,1829900,174.5600061375494,175.14586731691324,173.5444895875359,174.25730895996094,2112500,125.28822357364595,125.49338044007058,123.88147622218004,124.05731964111328,5903300,97.11729882839612,97.66001363468283,96.48735777456493,97.30143737792969,4512200
2025-12-23,125.08641662344021,126.25937369762046,125.08641662344021,126.01500701904297,4915900,228.57124204367074,230.01231255123835,228.56142927764938,229.4437255859375,1675900,174.21823768826474,175.65362063131352,174.0034174587304,174.22799682617188,1046100,123.92054886806639,124.78023108640674,123.5590983473576,123.63724517822266,5026500,97.20452436295604,98.20273511459791,97.20452436295604,97.92168426513672,3885600
2025-12-24,126.0932050190026,126.78721294254154,125.89771466087952,126.24960327148438,1117200,229.38489423569186,230.35540066705786,228.77708616192965,229.24765014648438,762300,174.21824838642183,175.06775531937015,173.7202641325294,174.19871520996094,344300,123.52978761983027,124.39923355291361,123.27579737082368,123.68609619140625,1237900,97.90229114837561,98.5903854497834,97.8538386977822,98.18334197998047,1305400
2025-12-29,126.24961069666924,127.02180287690614,126.24961069666924,126.66991424560547,7057400,229.0809890596656,231.2769095062443,229.0809890596656,230.5514678955078,2141600,174.01320429849852,176.2688019751094,174.01320429849852,175.5755157470703,1489300,124.2181236790988,124.40531275519417,123.24273802707741,123.74520874023438,3238300,98.29963849311099,98.87142619450518,98.01858766916109,98.15426635742188,4405200
2025-12-30,126.84585662542318,127.236837335711,126.66990486532302,126.88494873046875,5139300,230.91420911261415,231.29653303300606,230.2868053725227,230.37503051757812,1606300,175.72197755936247,176.2980795785837,174.48188168283525,174.54046630859375,1503100,123.54817038773831,124.21812886098628,123.24274316827568,123.4594955444336,3449300,98.30933401364219,98.6291438461815,97.9992102348015,98.20272827148438,5241400
2025-12-31,126.8849482737888,127.2075140703464,126.24960089311828,126.4450912475586,2311300,230.37501999541044,230.44364952186456,229.2868650473055,229.38490295410156,1567300,174.55023032606567,174.93104530358883,173.72025660553953,174.05224609375,980400,123.4693475513433,123.80433053975533,122.49396939450872,122.59249114990234,1641500,98.13489265221648,98.4353229948321,97.83445491566644,98.10581970214844,3688400
2026-01-02,126.66990915840685,127.0217977755753,126.07365386028695,126.89473724365234,8585100,230.42404025756554,230.60049054061938,229.03198873236443,229.9534912109375,1902500,174.68694315874222,177.3331298828125,174.11084108910995,177.3331298828125,1827200,123.0654115019807,124.36591827376387,122.63190673914352,124.35606384277344,1191900,98.44501528058402,99.23970794677734,97.85384065639862,99.23970794677734,8615700
2026-01-05,127.09022026218372,129.47524131685745,127.09022026218372,129.28952026367188,17178600,230.39463862557656,233.58067624757,230.39463862557656,233.56106567382812,3627700,177.28429232672198,180.5944578415011,177.27453318872136,180.24293518066406,2475000,124.34621229894765,125.93243747245565,124.1984258975737,125.83391571044922,3550400,99.23970769144543,99.91810116305982,98.7163724159425,99.64674377441406,10678000
2026-01-06,129.22110279544748,129.7293896872547,127.35413770271947,127.78422546386719,25878500,233.61009337077937,235.60993817122505,230.6201164988632,230.81617736816406,4096600,180.06718106293613,181.48303084242116,178.91496210414635,179.3641357421875,3527500,126.10977385725158,126.70091943559007,123.32156377186162,123.9028549194336,3447100,99.60756127846471,99.76429627635146,97.62873615255361,97.70709991455078,5778400
2026-01-07,127.06091373388855,128.00905771586577,126.41578207121054,127.22708129882812,18375300,230.22799251693368,230.8553962676744,228.85553652822972,230.0613250732422,4184500,178.76849735395962,180.38940819790426,178.2802722732134,178.9540252685547,2660200,124.227973364666,125.3609923437718,123.64668974600116,124.91764068603516,3150900,97.20749909578396,98.29486821845333,97.1879025500682,97.81485748291016,7346700
2026-01-08,127.34435669389323,128.65415845333237,127.34435669389323,128.1947479248047,9310400,228.9045469347837,232.1101950995052,228.9045469347837,230.40443420410156,3505600,178.60250171267884,181.44397524414242,178.60250171267884,180.50657653808594,3308400,124.37576320328161,125.94228696970899,124.36591628917677,125.2624740600586,2850900,97.55036362840576,99.26469515291545,97.52097628380837,99.01979064941406,4768600
2026-01-09,128.1257700209519,129.27890014648438,126.25316862847367,129.27890014648438,17260100,231.35534519867426,231.92393216409596,230.0613165963039,230.88479614257812,4288100,181.23891394877438,181.60996977566782,179.5008338640318,180.21363830566406,3356500,125.32158369712697,125.48907895181878,124.31664975261714,124.4250259399414,2168700,98.94142024867944,99.38224536914136,98.41242561978972,98.56916809082031,2262000
2026-01-12,128.74668711121552,129.06206578981931,127.25844744526584,128.76638793945312,7127100,229.86525777308577,230.82598142583836,229.03199537037375,230.67892456054688,4127600,179.5691753324242,181.61972659244014,179.2567190343861,181.56114196777344,2517300,124.1294541996937,125.23291742687552,123.84373584131461,125.0654296875,4508200,98.11854022556675,98.71610031593232,97.56994907585475,98.45160675048828,3653100
2026-01-13,129.28874940714869,129.90967140720198,128.29331615522247,128.5298614501953,9931100,231.29654050351087,231.65925386166603,228.5908496332079,229.94369506835938,3456500,181.65878631782374,182.10795995980854,178.59273332520218,179.27626037597656,2898300,125.30188312871451,125.6467130374605,124.57281310497608,125.34129333496094,2619400,98.45161562340921,99.21571651899194,98.30467141874497,98.82386779785156,3310700
2026-01-14,128.46085847832674,128.66783748329507,126.5488254410767,128.30316162109375,8595100,229.110400706056,229.86523569982504,227.82617002316485,229.47311401367188,4373200,178.89543923794167,180.7311553955078,177.57722557049985,180.7311553955078,1882700,125.28218256356746,125.61715804365429,124.50384789799546,125.09498596191406,3370200,98.57895712621502,99.51938951389673,98.26547966365445,99.26469421386719,3254400
2026-01-15,128.5692850882252,129.35775440857105,128.39188738651814,128.82554626464844,5515400,229.90447424207775,231.0318353939464,229.71821119158992,230.7083282470703,2352600,181.3170301144646,183.02581787109375,180.98504064047245,183.02581787109375,1284800,125.53833988187336,126.34623785434788,125.12454398138281,126.09992218017578,1638100,99.41163673082619,100.09736633300781,99.38224191311087,100.09736633300781,2632900
2026-01-16,129.11134065201955,129.38730261977489,128.2735892963913,128.66783142089844,6305100,230.2867857595103,231.22788381025373,229.7672177826765,230.7867431640625,3065200,182.9477115669678,186.48245655210664,182.84030144810984,185.3400115966797,2468400,126.10977466383093,127.3413154320324,126.10977466383093,126.56298828125,2563000,100.30308521366229,100.41084379027542,99.89164745235333,100.09736633300781,3393900
2026-01-19,127.96807456864829,128.16518813232673,126.89379286361996,128.1159210205078,1630700,230.1397396147147,231.0906504750916,228.92415332939663,230.3358154296875,1573900,184.1975555419922,185.1642465534637,183.17227990548244,184.1975555419922,896300,125.91272949128263,126.29696960456872,125.52848937799655,125.89302062988281,605100,99.67613349888074,100.11695861816406,99.54878584692814,100.11695861816406,820900
2026-01-20,127.63297696286885,128.1454842472519,126.52912900155212,126.81494140625,5185200,230.16916654782096,230.16916654782096,226.9439225669403,227.33604431152344,5599600,183.58239842749288,183.71910086077287,180.44800160034134,181.44398498535156,2187900,125.51864199015331,125.55805219843604,123.02600457091762,123.23290252685547,2489400,99.48021796507146,100.0581890387113,98.83366645161733,99.30388641357422,4255000
2026-01-21,126.40099791948094,128.74668986677713,126.17431807949532,127.68225860595703,5236600,227.0321297642017,229.0908061566974,224.6989801389891,227.7379608154297,9068800,181.57090998045373,184.37333215938207,181.17056182640005,183.2406463623047,1726900,122.99643610359799,125.8142019850969,122.66146062237772,124.68119049072266,3895200,99.19612269124825,100.64595317390987,98.95121818651154,99.97981262207031,6221100
2026-01-22,128.1257646341093,129.09163157202545,127.86951851880912,128.6776885986328,4464100,228.316345703112,229.4241112343773,227.63012522473355,228.21832275390625,3076600,184.09990204956216,186.99996014486888,183.94368135141227,186.6484375,2497100,125.13439411666486,126.42505392873836,124.96689886263945,125.55804443359375,2160700,100.38145996683069,100.89085805004562,99.97981299011562,100.3912582397461,3817300
2026-01-23,128.79596101987192,128.86495903874658,127.62313004821152,128.4904327392578,5496500,228.73788957633545,228.73788957633545,226.0616222452194,228.13009643554688,3652900,186.52152906708392,186.63869832809218,182.56690261412487,184.17803955078125,3910600,125.53834138625513,125.53834138625513,123.82403869458791,125.16395568847656,2626300,100.45982686085019,100.64594919484489,99.62714559855176,100.54798889160156,3865400
2026-01-26,128.529871289838,129.59430264050272,128.00751354906762,128.2144775390625,4196100,227.56735556328968,228.74221764009957,225.66191812518096,226.63931274414062,4800000,183.91439673182677,185.08613396391746,182.5961830335702,183.1918182373047,2886900,125.37085019087468,125.61715834449132,123.50876115087107,123.65654754638672,2912500,100.5381886880942,101.23371654382265,100.3324698130668,100.90065002441406,4452300
2026-01-27,128.17505777127656,129.39717092927148,128.17505777127656,128.5397186279297,3850200,226.08643229422574,227.86353390160843,225.7310119727492,226.27401733398438,5173800,182.59618126399775,184.0901488278383,182.59618126399775,182.98675537109375,4131800,124.31664533869527,125.10483439729974,123.64668689389983,125.04571533203125,2694200,100.87126631023823,101.97823195584458,100.87126631023823,101.40026092529297,4942400
2026-01-28,128.54956382363326,128.73682697122013,124.92262615660627,125.07046508789062,5565700,225.50393871504116,225.85935903058123,221.31787889475265,223.05548095703125,6855900,183.55310047172088,186.2481125013359,182.9281729531553,184.36355590820312,6659500,124.6122181508173,125.33143371402811,123.60727672497015,124.46443176269531,3318600,101.09657225840972,101.54720310495084,99.45081375774295,99.99940490722656,5897200
2026-01-29,125.10988740853732,126.46013107928792,124.61709599132317,126.14474487304688,8556500,223.15421129760526,225.06953102094056,222.74942412625072,224.62525939941406,6285800,183.89485825859558,186.5215115420243,183.8362736335959,186.40432739257812,5172000,124.81912078276407,126.5334158892444,124.75015480127661,126.33637237548828,4985500,100.0189988886904,101.22393234832614,99.97002247176067,100.9398422241211,5898200
2026-01-30,125.91806148389477,126.59810850729586,125.03103545402371,125.4252700805664,3125000,224.3587048389448,225.08929526367524,222.22618284080073,223.83544921875,2778700,184.28644668109905,185.1927070608758,181.3903455593458,182.6019744873047,3898200,125.76495041841234,126.46446470425995,122.85850956447035,123.98167419433594,2990700,100.82228026452361,101.24351629302701,98.98060116082311,99.72511291503906,3675500
2026-02-02,125.71109312038168,127.61326076586843,125.55339625808625,127.29788208007812,5445500,223.81568661835465,228.1004650628286,223.62810158326437,227.57720947265625,3040800,182.57242187029533,187.32045482596055,182.33601527063627,186.52255249023438,3500600,124.39546932636254,127.86348474718454,124.3462046900096,127.71570587158203,3256300,99.43122839482443,100.96922837744384,99.43122839482443,100.7047348022461,5846000
2026-02-03,127.78081762979006,128.5101543935275,127.17961145613125,128.32289123535156,5593700,227.73517367126627,229.78871154785156,226.85649778286373,229.78871154785156,2736900,188.1479122343348,190.19685465295538,187.35985514549014,190.14759826660156,4707300,127.83392788344327,128.5728523220759,126.70091642425572,127.51864624023438,1885000,100.80270150767362,101.43945475180477,100.29329592281158,100.67534637451172,3797600
2026-02-04,128.37216760838808,129.3873167518225,128.02720759161676,128.4904327392578,5181700,230.03554831041592,231.13142641782844,229.01865417327164,229.41355895996094,2045400,191.3395397651754,191.9699824402279,188.6010529862655,189.58612060546875,5232900,127.66644159592626,128.9275381161518,127.30191034610593,127.88319396972656,1756400,100.9006548949815,101.58638451150698,99.94062595795353,100.01899719238281,4215600
2026-02-05,127.39642053378103,128.4312854264638,126.52911794232435,128.29330444335938,7181900,227.72532490105476,230.09478376327723,226.58007992296467,228.18934631347656,3417800,188.36462214979736,189.62550743834086,186.9855335626211,188.73895263671875,3898300,126.61224546672014,127.91275981187454,126.2477141882106,127.58763122558594,2843700,99.92103428570161,101.1651458358444,98.65732619051539,101.09657287597656,8794700
2026-02-06,128.57914139671684,130.1954966210012,128.29331395700535,130.0870819091797,8236100,229.33457254448643,230.38109884089354,228.6039971904356,229.7591094970703,2647800,189.51716123554274,190.97505712313443,189.29059988870668,190.59088134765625,2703500,128.3561004298637,130.16892478471317,128.1097922827334,130.14923095703125,2322900,101.38066812948422,102.20355116352282,101.2435222027932,102.17416381835938,3988300
2026-02-09,129.87025111633875,131.41760830824123,129.7618364056602,131.25006103515625,8223400,230.24287623854195,233.29355855885677,229.917073020161,233.28367614746094,4675200,191.1425150830734,193.4278791848357,190.60073991480684,193.35891723632812,4179200,129.97189559779002,131.2527011107153,129.9324929046274,130.97683715820312,1901000,101.88027379446837,103.23214396767834,101.77251521465898,103.14398193359375,6725400
2026-02-10,131.2500622253975,131.93011677683901,130.79670255030342,131.71328735351562,4950900,233.9846456113948,235.3964444699162,233.33303918531513,234.79421997070312,3456100,193.70368691694355,194.80695778859518,192.96488623733293,194.54100036621094,2895400,131.03592845228818,131.23297195454788,130.32655981738884,130.98666381835938,1260800,103.30071045577903,103.6827608606527,102.84029629459445,103.31050872802734,2083600
2026-02-11,131.92027566986113,132.56089853200453,130.136358008696,130.1659393310547,3071500,235.52479271485285,235.97894675173993,231.40784953739941,231.72378540039062,2377100,195.10248497016252,195.71322206762645,191.9207208549759,192.0881805419922,3647400,131.69604472120432,131.8241297746597,129.56793861826574,129.64675903320312,1546500,103.57501705688945,104.14318983114964,102.23293767223092,102.62478637695312,3165200
2026-02-12,130.73755233897808,131.2796258864665,128.04691550719014,128.30316162109375,4223600,232.50373217697813,233.75757817794576,227.07370870787673,227.55747985839844,6161700,192.59056372378188,193.07325226558387,187.40911348738433,187.9311981201172,3437500,130.09996948332662,130.29701299912924,127.301912471942,127.86348724365234,3816200,102.69335284871505,103.27132385938141,100.92023925354746,101.17494201660156,3015200
2026-02-13,127.14017793348562,128.0567626953125,125.97718995858938,128.0567626953125,3475400,226.96510097128626,228.1004634556262,225.06953100549254,228.04122924804688,2256500,187.50763027757452,189.4285091590522,185.77390162070088,189.30044555664062,1623500,127.61717888740306,128.93738697798156,126.69105782780254,128.58270263671875,1381500,100.80269316371064,101.3806641931974,100.04838312230501,101.0573959350586,1992900
2026-02-17,128.22434143320777,128.88468017220916,127.58370352428886,128.52000427246094,3789300,227.91289876758788,229.6406334970573,226.96510623040376,228.05111694335938,4652800,189.77325455836834,191.112947006874,188.95566173174606,190.049072265625,2029600,128.40537400946113,130.13937807398815,128.40537400946113,129.7945556640625,1967700,101.28270541114445,102.20354873178226,101.20433417664499,101.90966033935547,2248900
2026-02-18,129.06207038416218,129.90967223135797,128.91423897311668,129.7618408203125,2304600,229.57151838712514,231.26963602329002,229.43330021044434,231.00306701660156,3380700,191.1622113463351,192.90578516408667,191.01445722234698,192.23593139648438,1184000,130.44478893159203,131.19357532157036,130.10981345894714,130.45465087890625,1219200,102.32109810963915,102.78151976995807,101.70394145421363,101.90966033935547,2290800
2026-02-19,129.52528806757448,130.03779532769698,128.86494940491653,129.37745666503906,2730000,231.09192321077853,231.31899269146447,228.85080031333243,230.9833221435547,2373500,191.47745200634722,193.82190276034476,191.10312149455012,193.8120574951172,2515200,131.61721295602317,132.71082168960257,130.8782885423467,132.48422241210938,1748500,101.63536971415435,102.26232464990136,101.18474632120446,102.21334075927734,3677700
2026-02-20,129.18034546872963,130.8755340576172,129.18034546872963,130.8755340576172,4305000,230.52918295132912,233.0862268040951,230.41071453024395,232.99737548828125,2647700,193.31951772264554,196.91500847300966,192.53146063147375,196.777099609375,1694100,132.41525918157137,134.2872101947289,132.40541226733646,134.23794555664062,2302500,102.15456482257262,103.64358838221354,102.12517747811393,103.5946044921875,3405900
2026-02-23,130.7868381405794,131.713288404206,128.37216322208906,129.4070281982422,6215700,233.03686567974617,234.28084439038435,229.10750728224713,231.0228271484375,5427400,196.7278499347993,198.04783686390405,190.90609702073846,192.05862426757812,3581600,133.99162741890683,135.21332119859386,132.47437589961913,133.9522247314453,3438000,103.65337593147073,104.22155615283366,101.56679232750389,101.89006805419922,2952000
2026-02-24,128.96352659849455,129.30847158517966,127.98779412776531,128.45101928710938,3558100,230.98333801485296,231.0721893310547,228.41641173935705,231.0721893310547,2675800,191.9896634133792,192.89593880515946,191.2607230312553,192.14727783203125,2283700,133.49901174585366,133.5285675199475,132.11969217662198,132.5433349609375,2505100,103.1537811976225,103.44766212128722,100.55779193217569,101.2141342163086,5242300
2026-02-25,128.40173614582145,131.5851646309736,128.40173614582145,131.04310607910156,4611000,231.75341066501358,236.2257743134884,231.25977216019604,234.19198608398438,3491900,196.02845321073863,201.5152869802818,195.03354034176178,199.4958953857422,2768600,132.26747253030672,136.13942931457638,132.26747253030672,135.81431579589844,2935700,101.46884168061412,101.8117065109988,100.51861095505318,101.74313354492188,3382000
2026-02-26,131.95968708782084,133.92100237184553,130.79670654430123,133.19166564941406,4273300,234.4684155329091,234.81395343730912,228.08073226361077,229.1864776611328,3580800,199.4958959602773,200.6681288174516,198.15620341364078,200.5991668701172,1570500,139.90303267364672,141.67645440437022,138.27740485666664,139.74539184570312,2875800,101.88027790574931,103.04602578497035,100.91045812222106,102.91867065429688,5026200
2026-02-27,132.29477642797482,134.52220320429154,130.57000650978986,130.96424865722656,7269800,229.19635085222882,230.5193134890299,223.66760865898314,225.16827392578125,5647500,198.78664281730238,198.98365332926244,192.7875847971276,193.3786163330078,4785600,139.36115843427245,140.21832108158094,135.15421071586994,135.7552032470703,3974100,102.24273190734003,102.7913155879507,100.62636073537833,101.3708724975586,5313500
2026-03-02,129.0127878393598,133.09310019853504,128.32288285859116,132.442626953125,3080000,222.13731560781514,227.93262653209518,220.8736023064183,227.80429077148438,2830900,190.9258165329157,196.8460676175033,189.86194168171815,195.92994689941406,1590600,133.7157743761031,137.28231170279597,133.43991044108026,136.62220764160156,1475600,99.92104311246223,101.48843052925172,99.2353134532083,101.26312255859375,2483600
2026-03-03,130.89525503330782,132.137099040896,129.42674622138944,131.6738739013672,3325000,223.03573737067939,225.3854462464429,221.82137588662553,223.88479614257812,2575500,192.77772030947554,194.87591904202455,191.22131174623945,193.71353149414062,1889500,134.4842565530274,135.755200055181,132.89803138721751,135.27244567871094,4153600,99.33326763070153,99.44102620962822,97.17810352606014,98.40262603759766,5521000
2026-03-04,131.85126126517912,133.45776598657463,131.57529929373442,132.75799560546875,2395700,224.26984617522416,225.85936274242164,223.1246012435903,223.52938842773438,2323400,194.0583192177981,196.4421810308726,193.81205231523745,196.31411743164062,1193500,135.43992659052205,137.32172446268765,135.4005088678255,136.05076599121094,2139200,98.67692712832317,99.7055215721303,98.5985558924448,99.46061706542969,3372900
2026-03-05,132.26520258598032,132.36376687690523,129.99835924390152,130.8656768798828,2983900,222.7099499506816,223.93417886760466,220.61692750803562,221.92999267578125,2810800,194.4523421595687,195.4866661666711,192.1669930974457,193.95980834960938,1992900,135.30198896180295,136.05076029365983,134.17882444728974,135.14434814453125,3692600,98.86304838941034,99.14713851094163,97.33484667596566,97.6777114868164,4434700
2026-03-06,129.13107218064053,129.13107218064053,127.34716958741889,128.18490600585938,3859400,219.21497925298948,220.1529044581397,217.52674401302224,219.64938354492188,3033000,191.10310964388813,191.62519425641955,188.83745121408734,190.25595092773438,1537400,133.7945937408471,133.92266375959454,132.39556521465204,133.3512420654297,2843000,96.78626195407612,96.78626195407612,95.22866543856728,96.03195190429688,3394100
2026-03-09,126.15460086605148,128.0272022071368,125.05074540148946,127.60340881347656,3736000,216.55921796559684,220.19239012794557,215.47320722975803,219.12612915039062,3018900,187.16284778681458,190.70909723094036,185.882256874717,189.8619384765625,2161000,130.91771461906538,131.36106628887737,129.31178064680276,130.93740844726562,4020400,93.88658833285803,94.78784259989753,92.90697030363926,94.26864624023438,4490000
2026-03-10,128.04691773109252,129.26904583767399,127.7315390499491,128.37216186523438,3434500,220.37997438323595,224.003279185833,219.43218182946472,221.75228881835938,2031000,191.1031115680853,192.96488870325848,189.1920780474543,191.44789123535156,1416400,131.6763376058562,133.98179343135112,131.173874366604,132.94729614257812,2641500,94.53313484609895,96.22787723599745,94.38619065466857,95.21886444091797,4514800
2026-03-11,128.46085595315157,129.33802402591743,128.12576141721846,128.43128967285156,3558400,221.752285754428,222.93701513178405,220.68602479541215,221.33763122558594,1917900,190.80758964653833,192.02907887228324,189.86193317513593,190.1082000732422,1631600,132.7403997437669,133.80445288207554,132.14926913367864,132.59262084960938,2315300,95.07193094238595,95.65970025411647,94.48415415676313,94.96417236328125,3159400
2026-03-12,127.3471603187858,127.74138742361781,126.1348901651673,126.39114379882812,3678400,219.77772661914764,220.61691806845747,218.39554488873839,219.28408813476562,2719000,188.43357522031576,188.64044603062038,186.13838093186905,186.60134887695312,1991000,131.44974052215173,132.2674854391236,129.62706910973176,130.15908813476562,2748400,94.0531274090145,94.16088598822778,93.1518731579677,93.41637420654297,3824500
2026-03-13,126.74595385679763,127.99763318250409,125.94762667710924,126.2038803100586,2488600,219.60001441595747,221.69305188597636,218.18821554639584,218.65223693847656,1519000,187.16284714668421,188.581346919483,183.1930258544165,183.37033081054688,1554500,130.64184611186147,131.76501065164135,128.7107836404815,128.9275360107422,1473200,93.81801303328328,94.2392490743124,92.35838429878844,92.45634460449219,2767000
2026-03-16,126.43057434336467,129.14092734268482,126.43057434336467,128.41159057617188,4008000,219.78759426701018,222.42362196946746,219.78759426701018,221.3573760986328,2307900,185.19271263373375,189.25118641984915,185.19271263373375,188.43357849121094,1727200,129.6566128163306,131.52854869448012,128.0802346837634,131.49899291992188,2393100,93.04412119345456,93.95516623500443,92.86778965399677,93.79842376708984,3579900
2026-03-17,129.40703394018928,130.38275135742134,129.40703394018928,129.52529907226562,4236700,222.73955766414045,223.44053094084586,221.9102486253785,222.02871704101562,1953700,189.8520828673134,190.09834977837548,188.7389666503516,188.7882080078125,1012600,132.34629627188596,132.84875948322153,131.73545687377728,131.9521942138672,1760700,94.43518056147809,94.76824710764741,94.13149388679676,94.22946166992188,1376700
2026-03-18,129.14092004264282,129.8111242029483,127.15990392181793,127.64282989501953,4517400,221.3869990817915,223.3220535584064,219.6691316848913,220.1134033203125,2401800,187.5470228026272,189.3890944345841,186.5324043606568,186.77867126464844,1093500,131.45958964058818,132.64188088663016,130.2576195984388,130.58273315429688,2606300,94.1804829664144,94.9151965369703,93.74944861337586,93.89639282226562,1906400
2026-03-19,126.64739650468873,127.03177321548554,126.00676614689387,126.7853775024414,5680800,218.9089349735619,219.47169012025478,216.70731138127616,217.44776916503906,4158100,185.0449478780413,185.71478660659614,183.53779570785485,184.82823181152344,1695500,129.30192367053343,129.81423376609203,128.32653804608543,129.48910522460938,4355800,93.08330404352108,93.24004651936173,91.85878147811336,92.57390594482422,4599600
2026-03-20,126.7459615894673,126.89379300268793,123.91733607923875,124.29185485839844,12475500,216.81590984763847,217.9907719274041,214.24898353564708,215.72003173828125,8666900,183.74465765856877,184.70017443009556,179.6467728477878,180.8485565185547,5577800,129.02606427168564,129.49897169698002,126.73047057441552,127.56790924072266,6269500,92.41715858097174,92.82860382134548,90.95752985289651,91.70204162597656,9515000
2026-03-23,125.651954029916,127.80052491956219,125.61252981403071,126.5192642211914,5305400,217.39838388753316,220.73538483775624,217.10219778618273,219.07675170898438,2793800,183.36048350748615,186.6309151729705,183.1831785533265,185.44882202148438,1605000,129.38075343716056,131.2231336053873,129.2526683872773,130.60243225097656,3989900,92.57390193855355,93.28902637431635,92.3779813261241,93.0735092163086,4243500
2026-03-24,125.66181649782209,128.283470553285,125.09017662596017,126.84451293945312,4577700,217.98087797864954,220.8538576085082,217.0133507554957,220.34046936035156,3748500,183.9515136101664,187.4583515671557,183.16345659005995,184.94642639160156,916500,129.3906061987066,131.89309052407918,128.71079326238308,131.2329864501953,3655600,92.57390558947638,93.79842815018374,91.79020816106664,93.71026611328125,2994600
2026-03-25,128.22433268285195,128.53971136946694,127.28801695977488,128.441162109375,6805300,222.2163043035567,222.69019303550763,220.15289903238283,221.65354919433594,3210100,186.8574784070074,187.65538077068842,186.14822852130447,186.64076232910156,1555800,132.51377918684366,132.957130831707,131.97189827269702,132.5433349609375,3159600,94.72905727476616,95.01314739062654,94.1706753157005,94.66048431396484,5529000
2026-03-26,127.219034846231,129.01278779562134,126.55869614780484,126.80509185791016,5337100,220.13315121652684,222.23605602162655,218.89905498154369,219.1754913330078,2403700,184.85778328234548,186.9461217150693,180.54318252777855,180.81900024414062,1807500,131.61721419106522,132.5925998383148,128.67137845564415,128.77975463867188,3035000,94.03352837161533,95.01314635749203,92.95595008192937,93.08329772949219,3783500
2026-03-27,126.15459942071446,126.46999313789033,124.63680099410598,125.0408935546875,5403800,218.28695270651022,218.77070879952268,216.08531412998434,217.0528564453125,3784800,179.65663285175827,180.2969207763672,177.6076904496957,180.2969207763672,1972400,128.19367622705795,128.49168857246445,127.16056878398709,128.04466247558594,2467000,92.61308906571827,92.86779184514288,91.93715023619977,92.17225646972656,5052900
2026-03-30,125.73080070370513,127.0613360137786,125.26757557278025,125.6815185546875,7843600,217.90189934733286,219.67898578183417,215.78912730518863,216.99359130859375,2365900,181.72526827659973,182.63152867305206,179.39066285346638,180.61215209960938,2014800,128.66055229440832,129.4055755420745,126.28640457271186,127.02149963378906,3379100,92.63267803139088,93.00493766409778,91.47672846319679,91.96653747558594,6033700
2026-03-31,126.93320735467945,128.0469207763672,125.80965103795965,128.0469207763672,6743100,219.11624797072056,222.51248307786423,218.69171105000225,222.0188446044922,4432200,182.22765549767203,185.71478808783414,182.1586935528035,185.60643005371094,2027200,128.59100879613777,131.07441960779568,127.89565680038092,130.96514892578125,3519100,92.76003474401087,94.52334273442725,92.74043819780047,94.50375366210938,8800900
2026-04-01,129.11135708983477,129.83082838031072,128.56928349887292,129.41688537597656,6065900,223.99341858569966,224.92146140921002,223.22334370335105,224.0427703857422,2287100,187.16283557076557,188.7980513205458,186.78850508972386,187.5962677001953,1891400,132.11746033994527,133.35916579426808,131.94859021706185,132.68368530273438,1361900,94.88580030374888,95.77724879944667,94.8662037583226,95.414794921875,9619000
2026-04-02,128.32288486587203,130.78684200630275,128.02720700126017,130.59957885742188,11788100,222.11758115735404,224.95107646677894,221.6634421614642,224.4475555419922,2782500,185.18285681166108,187.75388375555178,184.68046273410084,186.80821228027344,1664300,131.04461900145938,133.28961690325153,130.72675030164314,133.0710906982422,1490000,94.43517809838517,95.97317808228904,94.08251501523209,95.64990234375,6475800
2026-04-06,130.5798736422517,131.58515729384482,130.41232636698618,131.51617431640625,13158800,224.45742864016856,226.53070127056648,224.45742864016856,225.91859436035156,4619500,186.59151341404095,188.81776090329402,186.59151341404095,188.27598571777344,2159800,132.90221224236777,134.3624590772159,132.90221224236777,134.223388671875,5437700,95.69888735256619,96.25726932843622,95.56174142683618,95.74786376953125,11345500
2026-04-07,131.80199696019048,132.91571044921875,130.94454464990588,132.91571044921875,13793400,225.5039433048538,227.08357746689887,224.05264490891366,227.0638427734375,2974800,187.6849224206239,189.33984375,186.6013420840718,189.33984375,1860000,134.22338742033784,135.6737060546875,133.77637649001997,135.6737060546875,2259900,95.35155711128895,96.34232559869335,95.18312828258149,96.2729721069336,4667200
2026-04-08,135.02484453267303,135.78374750477911,134.47292056706868,135.271240234375,21030000,231.1116703299253,232.5234842797472,229.64063723483895,231.29925537109375,4693600,193.55593564377787,194.4030943701112,191.4380313124753,192.13743591308594,2946500,138.77299888652186,139.51802216095652,137.62069258425396,138.72332763671875,3597400,97.83839191367753,98.4823929671806,96.98633037685143,97.7095947265625,9880600
2026-04-09,134.6056585947224,137.18850386346054,134.4963840220125,137.02955627441406,13815700,230.46005505029333,233.58973629087208,230.36133639243766,232.82952880859375,3819500,191.33953897172609,194.3045870820943,190.9356576421022,194.14697265625,3302200,138.65379481622034,140.85906483849547,138.34585429953506,140.65045166015625,3428300,97.77894203397629,98.81924438476562,97.32318944806427,98.81924438476562,6313700
2026-04-10,137.07923874876377,138.6984700549078,136.89049036850759,138.3607177734375,2669000,233.39226349159418,235.4655510994623,233.35277904228792,234.8336944580078,2946500,194.25532356269326,197.59470205409522,194.25532356269326,196.74754333496094,2664800,140.85906968907545,142.53785788756275,140.84912634462273,141.71336364746094,2101000,99.0768470302969,100.0973373452748,98.97777169505932,99.91899871826172,3923300
2026-04-13,138.1123715816929,139.83094897401463,136.92029486538928,139.74154663085938,4025600,233.60948907400805,236.19616517041047,232.17794037471083,235.95921325683594,5023800,195.37830426291967,198.59947952500607,194.63950356259318,198.530517578125,2908400,141.05773465302843,143.4815460398779,140.5312527715039,143.44180297851562,2828700,99.47315740373104,100.75124965643018,98.82915637670165,100.73143005371094,3339300
2026-04-14,139.8110868272643,141.11243807964115,139.22496945229742,141.01309204101562,7723200,234.98178581245932,237.8448980594497,234.98178581245932,237.64744567871094,4364300,198.49111569780294,201.4463184129067,198.12664550617373,201.21975708007812,1889300,143.3722790919907,145.2596653023692,142.99479578690014,145.10073852539062,1885800,100.741343627408,101.72220234775686,100.48374169515742,101.67266845703125,2596000
2026-04-15,141.3309826343241,141.93695707081474,140.99321520884644,141.8276824951172,9401300,238.92102374390987,239.13822587975824,237.38087410036766,238.66433715820312,3747900,201.44632546031215,202.8451196573508,201.21976411955754,202.30332946777344,2757400,145.22985614249328,146.66030314506267,145.22985614249328,146.42189025878906,1708500,101.67266911973753,102.54454270362343,101.63303747152037,102.47518920898438,2370600
2026-04-16,141.87736400330817,142.2945900923736,141.15217124933662,141.5395965576172,3767100,238.09173543297052,238.4965226363339,236.8181396106129,238.03250122070312,4285800,202.64810541789092,203.17019003708688,200.64841941660703,201.62362670898438,2301500,146.42189953565395,146.70004034182728,145.65701989744582,146.38217163085938,3017300,102.25721592634191,102.60398338937424,101.40515441205461,101.84109497070312,2972300
2026-04-17,141.95682285618054,143.59594159215405,141.95682285618054,143.21844482421875,3904400,237.9337648087197,242.56409650102626,237.77579686801903,241.12266540527344,5327900,202.52991387025284,206.8937563237404,202.2540961320655,205.0418243408203,1850000,147.017927010233,149.71987931383487,147.00799882322954,148.4384307861328,2677700,102.30675946234734,104.25857465562139,102.30675946234734,103.95143127441406,3137000
2026-04-20,142.88068297734014,144.5793880032496,142.75153616367007,144.45025634765625,3772200,241.38921598065943,242.75166300197472,240.9943112237293,242.7220458984375,9580500,204.01735717346173,206.88390758029408,203.91884439821985,206.4800262451172,2496900,148.5079656885748,149.63047221944197,148.40862319366144,149.39205932617188,2735200,103.62447358032675,104.27838441732708,103.46595455130361,103.92170715332031,4705800
2026-04-21,144.53966909255047,144.93702294435042,142.9104940472462,143.15884399414062,2805100,242.78128301292696,243.58097494731015,239.22707989938945,239.72071838378906,7290500,206.37166025785257,207.58328918578718,203.88928572055116,204.15525817871094,1805000,149.4019934673416,149.9682184273498,147.29606587756498,147.49473571777344,3138000,103.83254091399097,104.34773720353368,102.73278728390794,102.82195281982422,2936400
2026-04-22,143.46678911650037,143.66546603355613,141.77801258441062,141.9866180419922,2258400,240.34271665210238,240.6882545652693,237.91400858989493,238.19044494628906,2646700,204.7955433040439,205.6919584067935,202.77616679537152,203.28839111328125,1170600,148.25963271992805,148.60731631360954,147.35566750238618,147.5841522216797,1172700,103.23807303859266,103.28761448639221,101.5834914839931,101.82127380371094,3564700
2026-04-23,141.44026000400646,143.44691656743433,141.36078620574045,142.87075805664062,3408900,236.40120392094005,239.1149128470752,236.28190951134403,238.1308135986328,3386100,202.61855867634475,205.02212604459993,202.53975146399912,204.55914306640625,4657600,147.07751466193474,148.35896308695368,145.99475122136317,147.50466918945312,1705600,101.31599116143629,102.30675968329162,101.02866738302257,101.77174377441406,2843800
2026-04-24,142.77140990159984,143.34758356192444,141.79788241391608,142.62240600585938,4386800,238.4190853684597,239.59203832798485,236.08309916227765,238.39920043945312,5173000,204.1060032462194,206.17465121385573,202.92392513511518,204.93345642089844,2617800,147.40532792101558,149.10398754391142,147.03778798030174,148.845703125,2564500,101.81136928940796,102.96065677486763,101.32588730048947,102.58416748046875,3331800
2026-04-27,142.0462407196161,143.40719357453446,141.65881540977404,143.1886444091797,4904700,238.56819237443344,239.38330764556954,237.17655065268545,239.33360290527344,5163000,203.46570542344156,204.6871795654297,202.4806378736122,204.6871795654297,5457100,148.0907547898197,150.05761190123945,148.08082660332315,149.6205291748047,3381200,102.15813746485787,103.4758613430571,102.09869377557366,103.28761291503906,6991900
2026-04-28,143.24824597098956,144.14231487237123,143.09924206646485,143.1886444091797,5315800,239.82066414276795,241.7888626031958,239.5423358051279,241.689453125,5364900,204.60839690118743,205.63286058702596,202.85496275250875,204.1060028076172,4688900,149.19339279099333,150.22648503625473,148.54769687486012,148.8854522705078,1623500,103.23807524760096,104.29819724610776,103.23807524760096,103.9316177368164,5632000
2026-04-29,143.1091646025691,143.80454139130288,141.83761414371963,141.9866180419922,5457000,241.4508858685138,241.6695745921272,238.2997994735936,238.55825805664062,2683000,204.0464315945768,204.5429674158216,200.9281872432824,201.5836181640625,1748700,148.85565391423066,149.13379471963464,145.9748882046365,146.58084106445312,1708900,103.81272444359797,104.15949191423084,102.56435399035567,102.66343688964844,3648900
2026-04-30,142.14556099825165,145.43371161611955,142.14556099825165,145.3641815185547,6340200,238.5681933158871,243.3991998372441,238.55825843489154,242.85247802734375,3157600,198.4157188901796,205.7545177845682,198.4157188901796,205.4069366455078,5154500,147.01792155108296,150.59403921939432,146.978193647007,150.56423950195312,2902200,102.77241883498412,104.8034897049229,102.77241883498412,104.70441436767578,5922500
2026-05-01,145.45358454270303,146.02975819673418,144.78800855220413,144.87741088867188,4695600,243.02146189023173,243.96579128808713,241.96778813045051,242.74313354492188,1514600,206.25105078957694,207.04551113008594,204.51317542418187,205.97299194335938,2065300,150.47483171740333,152.69004519350645,149.73975177859492,151.48806762695312,1909900,104.80348742589777,105.60600746680083,104.22883989981143,105.07099914550781,4240000
2026-05-04,144.89729352979808,145.49333946519485,143.32772004745914,143.58599853515625,7613700,240.60595872092404,242.05724002373117,240.0393519992035,240.92404174804688,5819900,205.2182359243013,205.56581703849284,202.17943931431037,202.7256317138672,7296200,151.041046009054,151.25958736933902,148.59736314292928,148.6768341064453,2049600,104.56570824280172,104.82331016893151,103.0498336494724,103.3272476196289,6659800
2026-05-05,143.74494439558183,144.44032120639227,143.13896992657322,143.30784606933594,4882900,241.55028341516783,243.1506789037646,241.20236541722034,241.7292022705078,3444200,202.0900712027313,204.7217048893521,202.0900712027313,204.14573669433594,3610700,149.50132470103406,150.4152180231593,148.9152434114433,148.95497131347656,1422700,103.58484724532799,104.00096819132146,103.3668769710561,103.39659881591797,3190600
2026-05-06,144.4800552779308,147.75827733054243,144.4701115797285,147.1622314453125,6233700,243.73715630622334,246.84848786762768,243.46876285443201,246.24212646484375,3017300,206.16167572952128,210.72979611973173,206.16167572952128,209.97506713867188,2555700,150.90197704500247,153.22644590915428,150.8821055145507,151.95494079589844,2532800,104.28829633028622,106.27973560918589,104.28829633028622,105.93296813964844,5816500
2026-05-07,147.44038399306427,148.09603144339954,145.3145092076763,146.15890502929688,4494700,246.22225253637797,247.6437292385693,244.72126645090623,246.16261291503906,3905300,210.23325586340542,211.2660588188922,205.84388118526195,206.8468780517578,1905900,152.06420995136554,152.91850386178194,149.1238449330027,149.95828247070312,2086100,106.2500145468094,106.73549656670683,105.20971213052343,105.64564514160156,1815900
2026-05-08,146.51653162295386,147.02316002830585,145.40391361795005,145.98008728027344,7492600,246.90813277825643,247.67354329241473,245.52642596757832,247.3057403564453,3569100,207.79030794106941,209.42887002695397,206.14180544117687,207.82009887695312,1911400,150.6138975140163,151.428463554565,148.77618256570648,149.5708770751953,1759200,105.86361239494927,106.2202896585941,104.83321225097131,105.11062622070312,1620900
2026-05-11,145.68206539017126,146.54633346898623,145.0065608447846,145.46351623535156,4257700,246.2222438890302,247.45485163518765,244.69143804665106,245.8942108154297,5299100,207.55196449070422,208.93233340918465,206.9859064049832,207.92933654785156,3020300,148.97485010615728,150.76290893554688,148.55763890555585,150.76290893554688,2024900,104.62515490960944,105.3087876119132,104.09013899810613,104.45672607421875,2580700
2026-05-12,145.89068243921395,146.70526232157195,144.1323607031629,146.61585998535156,3227400,246.94789140580517,248.37930297851562,244.90018352674994,248.37930297851562,3761300,207.27391501658147,207.70092855058098,205.24804037447603,207.59169006347656,4113300,150.9913793679893,151.93507245753187,150.16688514858865,151.87547302246094,2248800,104.39728233468257,104.95211029052734,103.76319108258454,104.95211029052734,1643000
2026-05-13,146.76488593912566,147.7384134592648,144.20191274040735,145.1953125,2493200,247.49460436784256,249.3633933174193,244.10495963629458,245.35743713378906,5393200,207.2242533156956,208.09816119107373,203.1129374112753,204.57275390625,2551900,151.10065320223256,152.67017070782146,149.45166472904629,149.85894775390625,1210400,104.66478584101786,105.31869669247641,103.59475402533874,103.85235595703125,2816100
2026-05-14,145.92048150156666,147.72847623361028,145.77147760961864,147.61920166015625,2846200,246.37136355171344,250.9240264892578,246.05326535170218,250.9240264892578,3273700,205.3076346128948,208.53511741623626,204.8806059316252,208.52517700195312,2001800,150.62384245129772,152.73969822667513,150.52449995248458,152.65029907226562,1379500,104.12976680049653,105.23943023066508,104.00096961800703,105.19979858398438,2907700
2026-05-15,146.42711340361916,147.33111079131902,145.94035723953218,147.32118225097656,5330900,249.05524313437414,250.9936065673828,248.3693571885965,250.9936065673828,3892200,206.75750829973077,208.48545837402344,205.76443667950818,208.48545837402344,2907500,151.57745601755,152.65029128836986,151.28938703774057,152.32247924804688,1446400,104.42699888807451,105.17998504638672,104.21893841517841,105.17998504638672,2231600
2026-05-19,149.2285172538102,149.2285172538102,146.9635669515193,147.40066528320312,3510900,253.3097190313175,253.3097190313175,250.62582991531744,251.0234375,3375600,208.54503261655213,211.34550175659078,207.86975121298158,210.44180297851562,3380700,152.93838558353139,153.9218066122805,152.17349077197517,153.39532470703125,1481700,105.17999035417533,105.59611132096659,104.50626745410018,105.34841918945312,3274100
2026-05-20,147.83774899336706,150.09275537358988,147.65892916714674,149.4768524169922,3953500,251.04331658097735,256.3713399974845,251.04331658097735,255.8047332763672,4231400,210.61062989042944,216.63856671281994,210.61062989042944,215.3177947998047,3968500,153.97146444164915,156.61381708213386,153.96153625549493,156.04759216308594,1380200,105.35831897371891,107.67672120124608,105.35831897371891,107.49838256835938,3077700
2026-05-21,149.25830704849477,152.17890463333828,149.1788332523949,152.13916015625,2779500,254.87033409984645,259.62181582713583,254.45284160301108,259.03533935546875,4608000,214.56305285578756,219.1709045892949,214.28499401305552,218.53533935546875,2806900,155.80919684877708,158.18333692451563,155.46151328002446,157.2197723388672,1468400,107.20115117224015,108.9944473390865,106.96336884321403,108.51887512207031,3575600
2026-05-22,153.02328742961834,153.96702929766784,152.98355811005266,153.66900634765625,4457200,260.4369243006335,261.20231960775556,259.5422997117414,260.4071044921875,4292500,220.35265834102077,221.37552088430968,219.3695119946736,220.91871643066406,1842400,158.42173986494743,159.29590532995647,158.04427172486,158.5111541748047,1854300,108.9845328844765,109.3907515898939,108.88545754819242,109.25203704833984,3465700
2026-05-25,154.74187799844216,156.1227029972954,154.65246050386799,155.5266571044922,1207700,262.41504758631413,263.518441191744,261.61983245496015,262.5740966796875,847200,222.12032305187444,224.12633192762132,222.08060685520772,222.974365234375,760300,159.18662697508353,161.0442133411675,158.79921550949555,159.6932373046875,845100,109.58890305055736,110.32206961508832,109.5789932491686,109.95549011230469,1050400
2026-05-26,154.7716870231199,155.7452145523606,153.5100650723806,154.4140625,2801100,261.04328194947016,262.9518407801325,258.8961949763061,260.76495361328125,3788400,222.44803677501903,224.03695738464003,220.76974335878776,222.0905303955078,1759900,159.14691373358153,160.33894795616,157.7363229776134,158.8091583251953,1631100,109.71770172304136,110.36170276071192,109.15296397963014,109.97530364990234,2998600
2026-05-27,154.03656436006358,155.4670624397537,153.6988120796027,154.10610961914062,2258900,260.41706952283647,262.57410657406024,259.1148872532554,260.0791015625,2880800,221.69331043725248,224.5136301572138,221.45496779707415,223.96743774414062,3481700,158.81909389282373,159.93165709174585,157.97472814951098,158.48133850097656,1257600,108.98453285053724,112.52157602341886,108.98453285053724,110.5400390625,3376400
2026-05-28,154.83128987538234,155.84456189235317,152.92396412219335,155.149169921875,5761100,257.8325735249658,261.56020145509655,256.06319401421763,258.98565673828125,3224300,223.75889680673183,224.03695563828757,220.7101597672939,221.57412719726562,2505400,159.4349712912204,159.4349712912204,149.32252992045392,149.95828247070312,4612100,110.0743767396848,110.1734520760032,107.89468910482515,109.05388641357422,5163700
2026-05-29,155.25843105098548,156.70880126953125,152.75507474325232,156.70880126953125,7134700,259.7908343197513,262.8623962402344,256.4210439493431,262.8623962402344,5493300,222.94458288780547,224.62287638169718,219.9355770347948,222.37852478027344,2609000,150.1172185469108,150.99138404177515,145.92521969841118,149.4914093017578,5660500,109.10343166016392,109.77715455313705,107.60736908508342,109.59881591796875,5817900
2026-06-01,155.96375298734603,156.3213774858694,151.8014058167227,152.31797790527344,3427600,260.5363327390266,262.0373035388624,258.1407070183404,259.5323486328125,2824600,223.68938007423532,226.17205909836667,222.83533788381132,223.61985778808594,2814800,147.0675951779011,147.74307566087532,145.58747683839053,145.72654724121094,2607700,109.11333479322649,109.72761399914397,107.61727976490214,107.9244155883789,3940500
2026-06-02,152.21863316384244,155.70547584355646,152.21863316384244,155.61605834960938,2890300,258.4488658686909,263.1407080317277,258.4488658686909,262.9816589355469,3036700,222.98429167604442,227.8404112217841,222.98429167604442,227.2743682861328,1445200,145.5278717582824,149.29271583274718,145.37887317444552,149.1337890625,1873200,107.92441162331976,110.73819049893282,107.88477997675234,110.6490249633789,2979500
2026-06-03,154.97036460828306,156.54986660962118,154.97036460828306,155.2087860107422,2663400,261.6993574338832,265.1486571172802,261.4309791365435,264.2242126464844,2255400,226.42032581943005,227.7709038076337,223.8482740005865,223.96743774414062,1774000,148.60730728143812,149.99801125656384,148.11062512495943,148.2794952392578,2158600,110.27253721049786,111.18404241747827,110.18336411472599,110.37161254882812,1670300
2026-06-04,155.3180495114331,158.08962801118216,155.3180495114331,156.98695373535156,3011200,265.01942364699676,270.0691339925864,265.01942364699676,269.3236083984375,2240400,225.1392716385345,228.8732154414754,224.5235569355136,228.0290985107422,1419000,148.75630450520313,151.19004401818833,148.7265047886898,150.58409118652344,2085900,110.96607276868035,112.22434544645255,110.76792209089324,112.06582641601562,2281100
2026-06-05,156.39091639932212,157.90088827355459,155.96376177987858,156.69888305664062,3250600,268.498528896785,270.7251858484519,267.78285348631755,268.9856262207031,2121600,226.42032609463325,228.95266171972673,226.42032609463325,227.6417999267578,1588000,149.99802149151327,151.54766750025934,149.63048152105205,150.86224365234375,1908600,111.60016023997558,112.26397330300777,111.13449784803959,111.32274627685547,1848700
2026-06-08,157.0267115717044,158.64594291665784,157.0267115717044,158.41746520996094,2885500,270.13870474650844,272.00749362533605,269.71124704747007,271.0035095214844,2648900,228.76397116041318,230.37274228077425,227.07575249480257,228.0588836669922,1607100,151.19005059223807,153.0079091662769,151.19005059223807,151.93507385253906,794800,111.65960772135081,112.55130088949177,111.46145704352563,111.96675109863281,2569300
2026-06-09,158.6757432408477,159.87776364894185,157.34459116833722,158.87442016601562,3256000,271.7888280193267,275.43691632675393,271.2918109491202,274.3633728027344,2527000,229.39953856500702,231.02817537553622,226.11247400832866,229.0718231201172,1585600,152.6999701914342,154.07081785469276,152.04434607791603,153.5045928955078,1421500,112.47203449419727,113.31419374914759,111.70914609074109,112.81880950927734,2316400
2026-06-10,158.4472637974726,159.89763413564313,158.07971073203822,158.5962677001953,4271300,273.5979509889707,276.68941298406634,273.4886217930182,274.1148681640625,2316200,228.23764361804473,229.98544414809137,227.46304899596169,227.80068969726562,1121000,153.0377020690106,154.7264183523168,152.44169258183354,152.71983337402344,2107300,112.5314849628116,113.36372685172053,112.51166536033459,112.80889892578125,2427300
2026-06-11,159.44065848324513,161.4274579659024,159.2916545852767,161.14930725097656,3442600,275.794764165837,277.28581526710735,273.14067985795043,276.2718811035156,2414800,228.6249460933724,231.56442955817062,227.84041103977853,230.8196258544922,1764500,153.4747834476064,155.53105481213348,153.05757226296387,155.02442932128906,2289300,113.19529868911683,114.55265422613444,112.85844103466837,114.20587921142578,2915700
2026-06-12,161.98376348788722,163.65268297768068,161.95396270754068,162.927490234375,3365200,277.3355198447961,280.09893348861044,276.4408952027222,277.26593017578125,2457200,232.1702106755324,234.89123240814968,232.1404197387542,233.62010192871094,1596200,155.80920208128913,158.1932704233994,155.79925873711088,157.6568603515625,1987800,114.83007264389344,116.54409794545981,114.82016284221254,116.345947265625,2863400
2026-06-15,164.51692773968554,164.57652929741363,161.74534919879258,163.18577575683594,2145400,280.04924760649675,280.3176259020007,274.5522400566618,276.7987365722656,2256400,235.60624483212126,236.5496598524682,232.96467065269331,233.8584442138672,1029200,158.93829888129056,159.76279312564174,156.88202736389593,158.09393310546875,1082200,116.91068110747773,117.84200590127008,116.46483831328044,117.28717041015625,2819000
2026-06-16,163.85134783710106,164.75534519593637,162.73874503119694,164.367919921875,2750900,278.2003358209543,279.9697154143399,277.1566120859769,279.83056640625,2154700,235.01039294803462,237.41363960453,235.01039294803462,235.52679443359375,1697600,158.78929138183594,159.73298444699975,157.9945969005003,158.78929138183594,3397700,117.40606305712035,118.72378692921227,117.39615325596439,118.54544830322266,2085400
2026-06-17,164.61628170793344,166.75208513919594,164.61628170793344,166.34478759765625,3566100,280.42693955246966,283.0114342257724,280.3176103647919,281.540283203125,2788600,236.80787120000653,239.28060989877997,236.3907677742881,238.06906127929688,2047600,158.7197543017825,159.45484937597388,157.41844943118267,158.17340087890625,2586400,118.72379356636483,121.04218827487412,118.66434231506905,120.7152328491211,3683500
2026-06-18,167.7752767592371,168.818349488489,167.04015551542372,167.51699829101562,3266700,282.61384393968854,284.6019122198513,281.68939946993635,283.3991394042969,2445200,242.29955256816368,243.27275852314315,239.32033767681904,239.84666442871094,2386800,158.93829661416584,159.46477850909727,155.70986246419056,156.92176818847656,3201300,121.29978936631004,122.99400261670685,120.9827437444632,121.89424896240234,4071600
2026-06-19,167.49713802850962,169.53361061540352,167.43753646681833,168.21238708496094,7050500,285.3374753520079,285.9637216866735,282.1764542047096,282.38519287109375,5617100,239.7672197243068,242.83580746205803,239.7672197243068,240.75035095214844,4443300,157.57738630377258,159.45484425478597,157.4681156227068,159.24623107910156,5940300,121.83480147753808,123.63799981296069,121.78526002983776,122.34009552001953,6418600
2026-06-22,168.3216524264463,169.02695774517548,167.78520808452012,168.13290405273438,5781100,282.29572543430976,285.9736636223342,282.29572543430976,285.0889587402344,3024000,240.81986038674717,244.6034607171983,240.81986038674717,243.6004638671875,2481700,159.23629923518283,160.7263456750176,158.46147629907165,160.378662109375,3104800,122.55806126587947,123.48938608112702,121.84471429052296,121.88433837890625,5933700
2026-06-23,167.38785737631835,168.8282839779116,166.54346152810308,168.71900939941406,3336600,283.89615856251095,287.0273600596956,282.8126649821145,286.68939208984375,2586800,241.53488056330326,245.6461964628682,240.72055456164978,244.4545135498047,2182900,159.06743347827663,162.26606780261207,158.46148063652274,162.0673828125,2917100,121.07190403638464,122.16175540078925,120.47744446604983,121.52766418457031,5008800
2026-06-24,168.87795843541386,169.07663535489888,167.34812948149414,168.17263793945312,3325600,287.7032872045181,288.0909750711971,285.01941328991023,286.3116455078125,3042800,244.79215336049458,245.52703181148942,242.9053233511956,243.82887268066406,1756600,161.96805276686132,162.50446282159984,159.92172472622948,161.09388732910156,3446500,121.6267411037385,122.11221554395516,119.50649715458894,120.35855865478516,6273000
2026-06-25,168.67927259541037,170.34817682051818,168.6693288972117,169.77200317382812,2423200,286.8484349665706,288.965732508236,286.32159809330994,287.3951416015625,2107000,244.97089832943712,246.96698197041266,244.5637504842609,246.14273071289062,1255600,161.24291174971046,162.21640458781175,160.71641468888603,161.11376953125,3515500,120.64587401677095,121.9834175067657,120.64587401677095,121.43849182128906,3140000
2026-06-26,169.54353586260294,169.7918858035439,167.9441616366201,168.9077606201172,4779900,286.9577644415152,287.77287970600725,284.45280936278687,286.2917785644531,2348000,245.30855795930694,246.93719482421875,244.17645690873496,246.93719482421875,1982600,161.02435839010994,161.6700391192769,159.41509792401,160.17999267578125,3453300,121.27997816604015,121.67627952688383,120.37837518450372,121.30970001220703,3514800
2026-06-29,169.37465820302478,170.05016276045006,168.52033380752516,169.88128662109375,3602600,286.5005188875548,289.3533919941971,285.8941422922518,289.1446533203125,3127900,247.96997450792185,248.7644348153914,246.27183056436235,248.39700317382812,1869500,160.8699951171875,161.67999267578125,159.8000030517578,161.3800048828125,1978300,121.29978327819107,122.11221311583239,121.0322791190131,121.81497955322266,5646600
2026-06-30,170.13957351707452,171.3912517016905,169.77200531484925,171.30184936523438,3613900,290.0293087724686,292.56411384431715,289.323553078928,291.92791748046875,2470600,248.2679018979226,249.66813650136373,247.43372538428244,248.93325805664062,2080200,161.47000122070312,163.32000732421875,161.22000122070312,163.32000732421875,2484800,121.86452250987097,122.49861372959548,121.33941642718943,122.13202667236328,4728200
2026-07-02,171.25218361647075,171.83828583555083,167.28851312650443,168.14283752441406,8357900,294.2341040747898,295.1386787782544,286.85835744258594,288.69732666015625,4797300,250.0256400294637,250.9193984048562,243.40185430087794,245.2191619873047,2094600,164.3000030517578,165.0,160.55999755859375,161.58999633789062,2980500,122.49861850192505,123.04354420836934,119.42723761942318,120.01178741455078,20299300
2026-07-03,168.2620469112077,169.67267267357093,168.2620469112077,168.88787841796875,1882900,288.4687251748111,290.3076641011789,288.02139766890184,288.64764404296875,1643200,245.64619238158122,248.3970049653934,245.23902938751928,245.36813354492188,681600,161.8000030517578,163.89999389648438,161.60000610351562,161.75999450683594,1155100,120.55671000423804,121.48803480246019,120.54680020284147,121.2601547241211,1602300
2026-07-06,169.6726826394543,170.21905554100135,168.6991551154743,170.1892547607422,10922700,289.1844264751557,293.76690931723635,289.03529708516714,293.5283508300781,4922200,246.40092072118634,248.96304726940738,246.06328001367902,248.41685485839844,1668600,162.44000244140625,163.9600067138672,162.41000366210938,163.77000427246094,4767500,121.34932774363352,122.5085250605134,121.26015464904694,122.3499984741211,5407400
2026-07-07,169.87135732487826,171.22238159179688,169.55346212886104,171.22238159179688,14129600,293.80667392286205,295.71520245702743,292.6138208373731,295.1088562011719,4532600,248.645272981342,252.86582729703227,247.483381023391,251.48545837402344,2437500,163.77000427246094,164.99000549316406,162.97999572753906,164.6699981689453,2772000,121.80000305175781,122.41999816894531,120.93000030517578,122.30999755859375,5658000
2026-07-08,170.40777883619663,170.48725263161714,165.27190417699904,166.7520751953125,12336800,293.4686973704022,294.3533719422421,288.250018361289,289.8802185058594,4534600,249.91641048506557,250.42287156215696,243.89839882110073,245.35821533203125,2663700,163.75999450683594,163.99000549316406,159.91000366210938,161.57000732421875,3031500,121.5,122.36000061035156,119.41999816894531,120.31999969482422,4922900
2026-07-09,168.87795882384043,168.87795882384043,166.5931363493142,168.57000732421875,12140700,290.70528292046305,294.40309096351217,290.695332872159,294.0750427246094,4068100,246.15265086589108,249.84687840346578,246.13280034424483,248.87367248535156,1265900,161.97000122070312,164.24000549316406,161.82000732421875,163.52999877929688,2401700,121.12999725341797,121.94999694824219,120.80999755859375,121.9000015258789,8882100
2026-07-10,168.91000366210938,170.8800048828125,168.0,170.86000061035156,12745800,294.28379977186756,297.50449106570153,293.2897656157923,297.02734375,2266300,249.4297944862213,251.90254825043368,248.91339300611838,251.63441467285156,2418800,163.8699951171875,167.14999389648438,163.55999755859375,166.97000122070312,2732700,122.16000366210938,124.30000305175781,121.94999694824219,124.13999938964844,4293900
2026-07-13,170.74000549316406,171.58999633789062,169.1999969482422,170.69000244140625,9521100,296.8583530014755,298.40904374355716,293.9855799415918,296.0829772949219,2918200,251.8727631149439,252.9353418826073,249.71779948980355,251.23719787597656,2530200,167.10000610351562,167.77999877929688,165.3800048828125,165.97000122070312,2315700,123.83000183105469,124.75,123.55999755859375,124.47000122070312,2843100
2026-07-14,171.0,173.33999633789062,170.75999450683594,172.80999755859375,10354600,295.7251417883432,299.76091776708427,295.3871738379895,299.1545715332031,4137600,251.22725624826998,254.07738212516819,250.412945392778,252.68707275390625,1374300,166.0,168.27999877929688,165.97000122070312,166.67999267578125,1135700,124.51000213623047,126.0999984741211,124.25,125.25,2983400
2026-07-15,173.22000122070312,175.3300018310547,172.82000732421875,175.27000427246094,6139400,299.6416504839132,304.1545739266998,299.4030920001495,303.9159851074219,3539400,253.23326422993318,256.1926285809486,253.21339855458484,255.97415161132812,1417500,167.32000732421875,169.6300048828125,167.32000732421875,169.47999572753906,2043600,125.5,126.87000274658203,125.25,126.86000061035156,3727700
2026-07-16,174.75,174.9499969482422,172.44000244140625,174.05999755859375,7018400,303.8265145797259,304.5521703886905,300.45675477757646,301.35137939453125,3483200,255.48752039755888,256.2919059715101,253.0545131538553,254.6632843017578,1696800,169.0500030517578,170.17999267578125,167.58999633789062,169.6199951171875,2037200,126.7699966430664,126.80999755859375,124.98999786376953,125.91000366210938,2336900
2026-07-17,172.1999969482422,174.6699981689453,171.30999755859375,173.30999755859375,3394500,298.6973145850027,302.99154943031397,297.42495207552327,300.3275451660156,2670000,252.61756317116752,256.4210141354434,250.90947877504675,253.38221740722656,2493800,168.02000427246094,171.63999938964844,167.2100067138672,169.94000244140625,2383200,124.80000305175781,126.55000305175781,124.13999938964844,125.27999877929688,2738500
2026-07-20,173.50999450683594,174.0,169.1300048828125,169.32000732421875,4441800,300.64563366587095,301.2917497809324,294.0054626464844,294.0054626464844,4634600,253.61063660492192,255.14988550220752,248.49630864103372,248.51617431640625,2122000,170.02000427246094,170.8300018310547,165.25,165.5500030517578,3052000,125.30000305175781,126.0,122.04000091552734,122.41000366210938,4197100
2026-07-21,169.97000122070312,170.47999572753906,168.6199951171875,170.0500030517578,3127100,295.22813904470775,296.4408619067295,293.1903811956083,295.9637145996094,5520300,250.16467365702522,251.32656562581784,248.23811230339516,250.42286682128906,1164000,165.89999389648438,166.5,164.8699951171875,165.6999969482422,2372200,122.62999725341797,123.41999816894531,122.19999694824219,123.37999725341797,5211300
2026-07-22,170.05999755859375,171.50999450683594,169.4600067138672,170.72000122070312,3981200,294.8404529032931,297.61381665911483,293.9359085274677,296.1724853515625,4063300,250.75058018906358,252.7764395953194,250.0554330963812,250.51223754882812,1075300,165.8000030517578,167.1999969482422,164.6999969482422,165.99000549316406,2559100,123.18000030517578,124.33999633789062,122.75,123.36000061035156,2910800
2026-07-23,169.0,169.24000549316406,167.27000427246094,167.8699951171875,4215100,293.55814941925155,293.93588722028795,289.91003102743963,291.9179992675781,3562600,248.26790216992302,248.51617007209296,245.1397326638101,247.2251739501953,2485900,164.4499969482422,165.1999969482422,162.9600067138672,164.1300048828125,3544100,122.05000305175781,122.26000213623047,120.80000305175781,121.87999725341797,5821700
2026-07-24,168.30999755859375,169.0,167.6999969482422,169.0,4629100,292.74303291814283,294.2241339715532,291.6396696641153,293.25,2296800,248.05935640462764,250.05544008383575,246.89746441301884,249.03257751464844,1428700,164.5399932861328,165.9199981689453,163.9199981689453,165.67999267578125,2164800,122.33000183105469,123.0,122.16999816894531,122.7300033569336,5150000
2026-07-27,169.6999969482422,170.3000030517578,167.55999755859375,168.8699951171875,5381600,293.5,296.1099853515625,292.79998779296875,296.1099853515625,3627400,250.36328946047655,252.2302689754628,248.04943074222055,250.3732147216797,1936600,166.8000030517578,168.0399932861328,165.61000061035156,166.92999267578125,2656600,123.43000030517578,123.8499984741211,121.91999816894531,122.66999816894531,4303900
2026-07-28,168.35000610351562,170.0500030517578,167.00999450683594,169.97000122070312,4835500,294.70001220703125,300.0,292.7699890136719,299.3999938964844,6013400,245.77530638873642,253.22334371146556,245.77530638873642,253.11410522460938,6149200,166.5,169.36000061035156,164.5399932861328,169.0399932861328,4381400,123.0,124.8499984741211,121.62000274658203,124.69999694824219,3072600
2026-07-29,168.9499969482422,169.36000061035156,164.11000061035156,164.52000427246094,4859200,298.0299987792969,298.8500061035156,289.1700134277344,290.3399963378906,5995300,251.65428491011414,251.96213469032966,244.27575483383546,245.10000610351562,4988200,168.00999450683594,168.16000366210938,162.77000427246094,163.58999633789062,2273300,124.23999786376953,124.25,120.68000030517578,121.13999938964844,2547700
2026-07-30,166.16000366210938,168.8000030517578,165.8000030517578,167.77000427246094,3442700,293.1700134277344,295.05999755859375,292.0,294.3699951171875,1926900,247.19000244140625,250.91000366210938,247.11000061035156,250.30999755859375,1422500,165.08999633789062,166.7899932861328,164.74000549316406,165.6199951171875,1528600,122.29000091552734,123.16999816894531,121.87000274658203,123.0999984741211,2515000
2026-07-31,167.8000030517578,169.22999572753906,167.75999450683594,168.0399932861328,2854000,294.739990234375,296.1099853515625,293.4100036621094,293.4100036621094,2559000,250.8800048828125,252.89999389648438,250.66000366210938,251.47000122070312,2339100,165.9199981689453,167.38999938964844,165.58999633789062,166.0399932861328,1712500,123.11000061035156,123.94999694824219,122.97000122070312,122.97000122070312,2730500
